ProteinId,name,unique,non_unique,razor,total_peptides,score,modifications,Group,indistinguishable,subset,peptideIds,ProteinGroupId
A0A075B6H7,KV37_HUMAN Probable non-functional immunoglobulin kappa variable 3-7 OS=Homo sapiens OX=9606 GN=IGKV3-7 PE=1 SV=1,1,0,1,1,0.833,[''],A0A075B6H7,[],['A0A075B6H7'],EIVMTQSPPTLSLSPGER,0
A0A075B6R2,HV404_HUMAN Immunoglobulin heavy variable 4-4 OS=Homo sapiens OX=9606 GN=IGHV4-4 PE=3 SV=2,1,0,1,1,1.0,[''],A0A075B6R2,[],['A0A075B6R2'],QVQLQESGPGLVK,1
A0A075B6S4,KVD17_HUMAN Immunoglobulin kappa variable 1D-17 OS=Homo sapiens OX=9606 GN=IGKV1D-17 PE=3 SV=1,1,0,1,1,0.8,[''],A0A075B6S4,[],['A0A075B6S4'],NYLAWFQQKPGKVPK,2
A0A075B6S5,KV127_HUMAN Immunoglobulin kappa variable 1-27 OS=Homo sapiens OX=9606 GN=IGKV1-27 PE=3 SV=1,1,0,1,1,0.867,[''],A0A075B6S5,[],['A0A075B6S5'],NYLAWYQQKPGKVPK,3
A0A075B7D8,A0A075B7D8_HUMAN Immunoglobulin heavy variable 3/OR15-7 (pseudogene) (Fragment) OS=Homo sapiens OX=9606 GN=IGHV3OR15-7 PE=1 SV=1,1,0,1,1,0.929,[''],A0A075B7D8,[],['A0A075B7D8'],ESGGGLVQPGGSLR,4
A0A087WSZ0,KVD08_HUMAN Immunoglobulin kappa variable 1D-8 OS=Homo sapiens OX=9606 GN=IGKV1D-8 PE=3 SV=6,1,0,1,1,0.824,[''],A0A087WSZ0,[],['A0A087WSZ0'],FSGSGSGTDFTLTISCL,5
A0A0A0MRZ8,KVD11_HUMAN Immunoglobulin kappa variable 3D-11 OS=Homo sapiens OX=9606 GN=IGKV3D-11 PE=3 SV=6,2,0,2,2,1.689,"['', '']",A0A0A0MRZ8,[],['A0A0A0MRZ8'],EIVLTQSPATLSLSPGER SYLAWYQQKPGQAPR,6
A0A0B4J1V0,HV315_HUMAN Immunoglobulin heavy variable 3-15 OS=Homo sapiens OX=9606 GN=IGHV3-15 PE=3 SV=1,1,0,1,1,1.0,[''],A0A0B4J1V0,[],['A0A0B4J1V0'],LVESGGGLVKPGGSLR,7
A0A0B4J1V1,HV321_HUMAN Immunoglobulin heavy variable 3-21 OS=Homo sapiens OX=9606 GN=IGHV3-21 PE=1 SV=1,2,0,2,2,2.0,"['', '']",A0A0B4J1V1,[],['A0A0B4J1V1'],ESGGGLVKPGGSLR NSLYLQMNSLR,8
A0A0B4J1Y9,HV372_HUMAN Immunoglobulin heavy variable 3-72 OS=Homo sapiens OX=9606 GN=IGHV3-72 PE=3 SV=1,2,0,2,2,1.938,"['', '']",A0A0B4J1Y9,[],['A0A0B4J1Y9'],EVQLVESGGGLVQPGGSLR LVESGGGLVQPGGSLR,9
A0A0C4DH38,HV551_HUMAN Immunoglobulin heavy variable 5-51 OS=Homo sapiens OX=9606 GN=IGHV5-51 PE=3 SV=1,1,0,1,1,1.0,[''],A0A0C4DH38,[],['A0A0C4DH38'],EVQLVQSGAEVK,10
A0A0C4DH69,KV109_HUMAN Immunoglobulin kappa variable 1-9 OS=Homo sapiens OX=9606 GN=IGKV1-9 PE=3 SV=1,1,0,1,1,0.765,[''],A0A0C4DH69,[],['A0A0C4DH69'],FSGSGSGTEFTLTISSL,11
A0JLT2,MED19_HUMAN Mediator of RNA polymerase II transcription subunit 19 OS=Homo sapiens OX=9606 GN=MED19 PE=1 SV=2,1,0,1,1,0.8,[''],A0JLT2,[],['A0JLT2'],SQASSSSSLR,12
A0M8Q6,IGLC7_HUMAN Immunoglobulin lambda constant 7 OS=Homo sapiens OX=9606 GN=IGLC7 PE=1 SV=3,3,0,3,3,2.542,"['', '', '']",A0M8Q6,[],['A0M8Q6'],AAPSVTLFPPSSEELQANKATLVCLVSDFNPGAVTV AAPSVTLFPPSSEELQANKATLVCLVSDFNPGAVTVAWK AAPSVTLFPPSSEELQANKATLVCLVSDFNPGAVTVAWKADGSPV,13
A6H8M9,CDHR4_HUMAN Cadherin-related family member 4 OS=Homo sapiens OX=9606 GN=CDHR4 PE=2 SV=1,2,0,2,2,1.607,"['', '']",A6H8M9,[],['A6H8M9'],IIVHLVPR IVHLVPR,14
A6NCS4,NKX26_HUMAN Homeobox protein Nkx-2.6 OS=Homo sapiens OX=9606 GN=NKX2-6 PE=1 SV=1,2,0,2,2,1.764,"['', '']",A6NCS4,[],['A6NCS4'],GSEVHNAGG SEVHNAGG,15
A6NEK1,ARRD5_HUMAN Arrestin domain-containing protein 5 OS=Homo sapiens OX=9606 GN=ARRDC5 PE=3 SV=2,2,0,2,2,1.653,"['', '']",A6NEK1,[],['A6NEK1'],YLLVQGTS YLLVQGTST,16
A6NH00,OR2T8_HUMAN Olfactory receptor 2T8 OS=Homo sapiens OX=9606 GN=OR2T8 PE=3 SV=1,1,0,1,1,0.778,[''],A6NH00,[],['A6NH00'],IFFLPTLGG,17
A6NKD9,CC85C_HUMAN Coiled-coil domain-containing protein 85C OS=Homo sapiens OX=9606 GN=CCDC85C PE=1 SV=1,1,0,1,1,0.857,[''],A6NKD9,[],['A6NKD9'],ACPAPEL,18
A6NMB9,FIGL2_HUMAN Fidgetin-like protein 2 OS=Homo sapiens OX=9606 GN=FIGNL2 PE=2 SV=2,1,0,1,1,0.75,[''],A6NMB9,[],['A6NMB9'],AALVQGTQ,19
A6NNT2,CP096_HUMAN Uncharacterized protein C16orf96 OS=Homo sapiens OX=9606 GN=C16orf96 PE=4 SV=3,1,0,1,1,0.75,[''],A6NNT2,[],['A6NNT2'],SLPAPWPV,20
A7E2V4,ZSWM8_HUMAN Zinc finger SWIM domain-containing protein 8 OS=Homo sapiens OX=9606 GN=ZSWIM8 PE=1 SV=1,1,0,1,1,0.889,[''],A7E2V4,[],['A7E2V4'],GSSSSSGSR,21
A7KAX9,RHG32_HUMAN Rho GTPase-activating protein 32 OS=Homo sapiens OX=9606 GN=ARHGAP32 PE=1 SV=1,1,0,1,1,0.75,[''],A7KAX9,[],['A7KAX9'],PLPLPVPQ,22
A8K2U0,A2ML1_HUMAN Alpha-2-macroglobulin-like protein 1 OS=Homo sapiens OX=9606 GN=A2ML1 PE=1 SV=3,3,0,3,3,2.36,"['', '', '']",A8K2U0,[],['A8K2U0'],AFKPFFVDLTLPYSVVR GNGNTWLTAFVTK QHNAYGGFSSTQDTVVALQALAK,23
A8TX70,CO6A5_HUMAN Collagen alpha-5(VI) chain OS=Homo sapiens OX=9606 GN=COL6A5 PE=1 SV=1,1,0,1,1,0.778,[''],A8TX70,[],['A8TX70'],PGDLGPVGQ,24
B1AKI9,ISM1_HUMAN Isthmin-1 OS=Homo sapiens OX=9606 GN=ISM1 PE=2 SV=2,1,0,1,1,0.833,[''],B1AKI9,[],['B1AKI9'],ELLLLLGLLLLT,25
B8ZZ34,SHSA8_HUMAN Protein shisa-8 OS=Homo sapiens OX=9606 GN=SHISA8 PE=3 SV=3,1,0,1,1,0.75,[''],B8ZZ34,[],['B8ZZ34'],LPAPLDAC,26
B9A064,IGLL5_HUMAN Immunoglobulin lambda-like polypeptide 5 OS=Homo sapiens OX=9606 GN=IGLL5 PE=1 SV=2,1,0,1,1,1.0,[''],B9A064,[],['B9A064'],YAASSYLSLTPEQWK,27
C9JJ37,BTBDJ_HUMAN BTB/POZ domain-containing protein 19 OS=Homo sapiens OX=9606 GN=BTBD19 PE=2 SV=1,1,0,1,1,0.778,[''],C9JJ37,[],['C9JJ37'],PAELSALEE,28
O00238,BMR1B_HUMAN Bone morphogenetic protein receptor type-1B OS=Homo sapiens OX=9606 GN=BMPR1B PE=1 SV=1,1,0,1,1,0.75,[''],O00238,[],['O00238'],DETYIPPG,29
O00257,CBX4_HUMAN E3 SUMO-protein ligase CBX4 OS=Homo sapiens OX=9606 GN=CBX4 PE=1 SV=3,1,0,1,1,0.75,[''],O00257,[],['O00257'],AAVAVAAAAAPT,30
O00291,HIP1_HUMAN Huntingtin-interacting protein 1 OS=Homo sapiens OX=9606 GN=HIP1 PE=1 SV=5,1,0,1,1,0.75,[''],O00291,[],['O00291'],KHYELAGV,31
O14512,SOCS7_HUMAN Suppressor of cytokine signaling 7 OS=Homo sapiens OX=9606 GN=SOCS7 PE=1 SV=2,1,0,1,1,0.75,[''],O14512,[],['O14512'],QPPPPPPPPGPL,32
O14791,APOL1_HUMAN Apolipoprotein L1 OS=Homo sapiens OX=9606 GN=APOL1 PE=1 SV=5,1,0,1,1,1.0,[''],O14791,[],['O14791'],VSTQNLLLLLTDNEAWNGFVAAAELPR,33
O15047,SET1A_HUMAN Histone-lysine N-methyltransferase SETD1A OS=Homo sapiens OX=9606 GN=SETD1A PE=1 SV=3,2,0,2,2,1.624,"['', '']",O15047,[],['O15047'],SSSSLSSSSSSSSSS SSSSLSSSSSSSSSSSS,34
O15054,KDM6B_HUMAN Lysine-specific demethylase 6B OS=Homo sapiens OX=9606 GN=KDM6B PE=1 SV=4,1,0,1,1,0.765,[''],O15054,[],['O15054'],PPPLPPPPPPPPPPPPP,35
O15417,TNC18_HUMAN Trinucleotide repeat-containing gene 18 protein OS=Homo sapiens OX=9606 GN=TNRC18 PE=1 SV=3,2,0,2,2,1.626,"['', '']",O15417,[],['O15417'],SCPAPEP SGSSSSSSSSSSS,36
O43149,ZZEF1_HUMAN Zinc finger ZZ-type and EF-hand domain-containing protein 1 OS=Homo sapiens OX=9606 GN=ZZEF1 PE=1 SV=6,1,0,1,1,0.75,[''],O43149,[],['O43149'],VSVFVSPG,37
O43516,WIPF1_HUMAN WAS/WASL-interacting protein family member 1 OS=Homo sapiens OX=9606 GN=WIPF1 PE=1 SV=3,1,0,1,1,0.909,[''],O43516,[],['O43516'],QAPPPPPPPSR,38
O43614,OX2R_HUMAN Orexin receptor type 2 OS=Homo sapiens OX=9606 GN=HCRTR2 PE=1 SV=2,1,0,1,1,0.8,[''],O43614,[],['O43614'],PLQNW,39
O75387,LAT3_HUMAN Large neutral amino acids transporter small subunit 3 OS=Homo sapiens OX=9606 GN=SLC43A1 PE=1 SV=1,1,0,1,1,0.75,[''],O75387,[],['O75387'],LTNLLLVG,40
O75445,USH2A_HUMAN Usherin OS=Homo sapiens OX=9606 GN=USH2A PE=1 SV=3,1,0,1,1,0.75,[''],O75445,[],['O75445'],GGCTESLP,41
O75469,NR1I2_HUMAN Nuclear receptor subfamily 1 group I member 2 OS=Homo sapiens OX=9606 GN=NR1I2 PE=1 SV=1,1,0,1,1,0.75,[''],O75469,[],['O75469'],VFNAETGT,42
O75636,FCN3_HUMAN Ficolin-3 OS=Homo sapiens OX=9606 GN=FCN3 PE=1 SV=2,1,0,1,1,1.0,[''],O75636,[],['O75636'],FSEGTAGDSLSLHSGR,43
O75820,ZN189_HUMAN Zinc finger protein 189 OS=Homo sapiens OX=9606 GN=ZNF189 PE=1 SV=2,1,0,1,1,0.895,[''],O75820,[],['O75820'],VHTGEKPFQCNECGKSFSR,44
O95445,APOM_HUMAN Apolipoprotein M OS=Homo sapiens OX=9606 GN=APOM PE=1 SV=2,3,0,3,3,2.512,"['', '', '']",O95445,[],['O95445'],EFPEVHLGQWYF FPEVHLGQWYFIAGAAPTKE PEVHLGQWYFIAGAAPTKE,45
O95782,AP2A1_HUMAN AP-2 complex subunit alpha-1 OS=Homo sapiens OX=9606 GN=AP2A1 PE=1 SV=3,1,0,1,1,0.75,[''],O95782,[],['O95782'],FVPAPWLS,46
P00450,CERU_HUMAN Ceruloplasmin OS=Homo sapiens OX=9606 GN=CP PE=1 SV=1,27,0,27,27,24.362000000000005,"['', '', '', '', '', '', '', '', '', '', '', '', '', '', '', '', '', '', '', '', '', '', '', '', '', '', '']",P00450,[],['P00450'],ALYLQYTDETFR DTANLFPQTSLTLH DVDKEFYLFPTVFDENESLLLEDNIR ERGPEEEHL ERGPEEEHLG ERGPEEEHLGIL ERGPEEEHLGILGPVIWAEVGDTIR EWMLSCQNLNHLK EYTDASFTNR GAYPLSIEPIGVR GVYSSDVFDIFPGTYQTLEMFPR HYYIAAEEIIWNYAPSGIDIFTK HYYIGIIETTWDYASDHGEK IDTINLFPATLFDAYMVAQNPGEWMLSCQNLNHLK IDTINLFPATLFDAYMVAQNPGEWMLSCQNLNHLKA LISVDTEHSNIYLQNGPDR MFGNLQGLTMHVGDEVNWYLMGMGNEIDLHTVHFHGHSFQYK MFTTAPDQVDKEDEDFQESNK MHSMNGFMYGNQPGLTMCKGD MYSVNGYTFGSLPGLSMCAEDR MYYSAVDPTKD PGEWMLSCQNLNHLK PYSIHAHGVQTESSTVTPTLPGETLTYVWK QSEDSTFYLGER TTIEKPVWLGFLGPIIK WYLFGMGNEVDVHAAFFHGQALTNK YSSDVFDIFPGTYQT,47
P00451,FA8_HUMAN Coagulation factor VIII OS=Homo sapiens OX=9606 GN=F8 PE=1 SV=1,1,0,1,1,0.9,[''],P00451,[],['P00451'],DLASGLIGPL,48
P00734,THRB_HUMAN Prothrombin OS=Homo sapiens OX=9606 GN=F2 PE=1 SV=2,5,0,5,5,4.09,"['', '', '', '', '']",P00734,[],['P00734'],FCAGYKPDEGK HQDFNSAVQLVENFCRN LAVTTHGLPCLAWASAQAK LAVTTHGLPCLAWASAQAKA NPDGDEEGVWCY,49
P00736,C1R_HUMAN Complement C1r subcomponent OS=Homo sapiens OX=9606 GN=C1R PE=1 SV=2,1,0,1,1,1.0,[''],P00736,[],['P00736'],LFGEVTSPLFPK,50
P00738,HPT_HUMAN Haptoglobin OS=Homo sapiens OX=9606 GN=HP PE=1 SV=1,9,0,9,9,7.998,"['', '', '', '', '', '', '', '', '']",P00738,[],['P00738'],DIAPTLTLYVGK GDKLPECEAVCG ILNEHTFCAGMSK KAVGDKLPECEADDGCPKPPEIAHGYVEHSVR LRTEGDGVYTLNNEK SPVGVQPILNEHTFC SPVGVQPILNEHTFCAGMSK VQPILNEHTFCAGMSK YQEDTCYGDAGSAFAVHDLEEDTWYATGILSFDKS,51
P00739,HPTR_HUMAN Haptoglobin-related protein OS=Homo sapiens OX=9606 GN=HPR PE=2 SV=2,6,0,6,6,4.9590000000000005,"['', '', '', '', '', '']",P00739,[],['P00739'],ILNEHTFCVGMSK LRTEGDGVYTLNDKK SPVGVQPILNEHTF SPVGVQPILNEHTFCVGMSK VQPILNEHTFCVGMSK YQEDTCYGDAGSAFAVHDLEEDTWYAAGILSFDKS,52
P00747,PLMN_HUMAN Plasminogen OS=Homo sapiens OX=9606 GN=PLG PE=1 SV=2,2,0,2,2,1.759,"['', '']",P00747,[],['P00747'],NPDADKGPWCFTTDPSVR VILGAHQEVNLEPHVQEIEVSR,53
P00748,FA12_HUMAN Coagulation factor XII OS=Homo sapiens OX=9606 GN=F12 PE=1 SV=3,1,0,1,1,0.941,[''],P00748,[],['P00748'],NKPGVYTDVAYYLAWIR,54
P00751,CFAB_HUMAN Complement factor B OS=Homo sapiens OX=9606 GN=CFB PE=1 SV=2,3,0,3,3,2.729,"['', '', '']",P00751,[],['P00751'],DFHINLFQVLPWLK HVIILMTDGLHNMGGDPITVIDEIR YGLVTYATYPK,55
P01008,ANT3_HUMAN Antithrombin-III OS=Homo sapiens OX=9606 GN=SERPINC1 PE=1 SV=1,3,0,3,3,2.823,"['', '', '']",P01008,[],['P01008'],ATEDEGSEQKIPEATNR EQLQDMGLVDLFSPEKS VAEGTQVLEL,56
P01009,A1AT_HUMAN Alpha-1-antitrypsin OS=Homo sapiens OX=9606 GN=SERPINA1 PE=1 SV=3,22,0,22,22,20.028999999999996,"['', '', '', '', '', '', '', '', '', '', '', '', '', '', '', '', '', '', '', '', '', '']",P01009,[],['P01009'],DTEEEDFHVDQVTT DTEEEDFHVDQVTTVK DTVFALVNYIFFK EEEDFHVDQVTTVK ELDRDTVFALVNYIFFK FVFLMIEQNTKSPLFMGKVVN GTEAAGAMFLEAIPMSIPPEVK GTEAAGAMFLEAIPMSIPPEVKFNKPFVFLMIEQNTKSPLFMGKVVNPTQK ITPNLAEFAF ITPNLAEFAFSLYR KLQHLENELTHD LQHLENELTHDIITK LSITGTYDLK LYHSEAFTVNFGDTEEAK NKPFVFLMIEQNTKSPLFMGKVVNPTQK PFVFLMIEQNTK SIPPEVKFNKPFVFLMIEQNTK TDTSHHDQDHPTFNK TLNQPDSQLQLTTGNGLFLSEGLK VFSNGADLSGV VFSNGADLSGVTE VFSNGADLSGVTEEAPLK,57
P01011,AACT_HUMAN Alpha-1-antichymotrypsin OS=Homo sapiens OX=9606 GN=SERPINA3 PE=1 SV=2,7,0,7,7,6.482,"['', '', '', '', '', '', '']",P01011,[],['P01011'],AVLDVFEEGTEASAATAVK DYNLNDILLQLGIEEAFTSK EIGELYLPK ITLLSALVETR MSLHHLTIPYFR NVIFSPLSISTALAF WEMPFDPQDTHQSR,58
P01019,ANGT_HUMAN Angiotensinogen OS=Homo sapiens OX=9606 GN=AGT PE=1 SV=3,13,0,13,13,12.462000000000002,"['', '', '', '', '', '', '', '', '', '', '', '', '']",P01019,[],['P01019'],ADSQAQLLLSTVV ADSQAQLLLSTVVGV ADSQAQLLLSTVVGVFT ADSQAQLLLSTVVGVFTAPGLHLK ALQDQLVLVAAK EPTESTQQLNKPEVLEVTLNRPFLFAVYDQSATALHFLGR FMQAVTGWK QPFVQGLALYTP QPFVQGLALYTPVV QPFVQGLALYTPVVLPR SLDFTELDVAAEK TIHLTMPQLVLQGSYDLQDLLAQAELPAILHTELNLQK VLSALQAVQGLLVAQGR,59
P01023,A2MG_HUMAN Alpha-2-macroglobulin OS=Homo sapiens OX=9606 GN=A2M PE=1 SV=3,47,0,47,47,41.94299999999999,"['', '', '', '', '', '', '', '', '', '', '', '', '', '', '', '', '', '', '', '', '', '', '', '', '', '', '', '', '', '', '', '', '', '', '', '', '', '', '', '', '', '', '', '', '', '', '']",P01023,[],['P01023'],AAQVTIQSSGTFSSK AFQPFFVELTMPYSVIR ASVSVLGDILGSAMQNTQNLLQMPYGCGE AVDQSVLLMKPDAELSASSVYNLLPEK DMYSFLEDMGLK DTVIKPLLVEPEGLEK ELTMPYSVIR GKPQYMVLVPSLLHTETTEK HNVYINGITYTPVSSTNEK IAQWQSFQLEGGLK KDNSVHWERPQKPK KKDNSVHWERPQK LEAENDVLHCVA LFTDLEAENDVLHCVA LHTEAQIQEEGTVVELTGR LLIYAVLPTGDVIGDSAK LLLQQVSLPELPGEYSMK LLLQQVSLPELPGEYSMKV LSFYYLIMAK LVHVEEPHTETVRK LVPSLLHTETTE NEDSLVFVQTDKSIYKPGQTVK NHVLIYLDKVSNQTLSLFFTVLQDVPVR NQGNTWLTAFVLK PGEYSMK QFSFPLSSEPFQGSYK QGIPFFGQVR QQNAQGGFSSTQDTVVALHALSK SFVHLEPMSHELPCGHTQTVQAHY SSSNEEVMFLTVQVK SVLLMKPDAELSASSVYNLLPEK SVYNLLPEK TEHPFTVEEFVLPK TEVSSNHVLIYLDKVSNQTLSLFFTVLQDVPVR TQTVQAHYILNGGTLLGLK TVVALHALSKY VDLSFSPSQSLPASHAHLR VGFYESDVMGR VLLMKPDAELSASSVYNL VSVQLEASPAFLAVPVEK VTAAPQSVCALR VVSMDENFHPLNELIPLVYIQDPK VYDYYETDEFA VYDYYETDEFAIAEYNAPCSKD YILNGGTLLGL YILNGGTLLGLK YNILPEKEEFPFALGVQTLPQTCDEPK,60
P01024,CO3_HUMAN Complement C3 OS=Homo sapiens OX=9606 GN=C3 PE=1 SV=2,43,0,43,43,39.564,"['', '', '', '', '', '', '', '', '', '', '', '', '', '', '', '', '', '', '', '', '', '', '', '', '', '', '', '', '', '', '', '', '', '', '', '', '', '', '', '', '', '', '']",P01024,[],['P01024'],AGDFLEANYMNLQRS APSTWLTAYVVK DAPDHQELNLDVSLQLPSR DAPDHQELNLDVSLQLPSRS DFDFVPPVVR DICEEQVNSLPGSITK DSITTWEILAVSMSDK EFPESWLWNVEDLKE EPGQDLVVLPLSITTDFIPSFR EVVADSVWVDVK EYVLPSFEVIVEPTEK FVTVQATFGTQVVEK GICVADPFEVT GICVADPFEVTVM GICVADPFEVTVMQDFFIDLR GQGTLSVVTMYHAK HYLMWGLSSDFWGEKPNLSYIIGK IPIEDGSGEVVLSR LESEETMVLEAHDAQGDVPVTVTVHDFPGK LSINTHPSQKPLSITVR LSRKVLLDGVQNPR QKPDGVFQEDAPVIHQEMIGGLR QLYNVEATSYALLALLQLK QPVPGQQMTLK RILLQGTPVAQMTEDAVDAER RYRGDQDATMSILDISMMTGFAPDTDDLK SDMVQAER SEETKENEGFTVTAEGK SEFPESWL SEFPESWLWNVEDLKEPPK SGIPIVTSPYQIHFTK SGSDMVQAER SLYVSATVILHSGSDMVQAERS SSLSVPYVIVPLK TELRPGETLNVNFLLR TKTPKYFKPGMPFDLMVFVTNPDGSPAYR TMQALPYSTVGNSNNYLHLSVLR TVMVNIENPEGIPVK VPVAVQGEDTVQSLTQGDGVAK VVLVSLQSGYLFIQTDK YFKPGMPFDLMVFVTNPDGSPAYR YYGGGYGSTQATFMVFQALAQYQK YYTYLIMNK,61
P01031,CO5_HUMAN Complement C5 OS=Homo sapiens OX=9606 GN=C5 PE=1 SV=4,10,0,10,10,9.097999999999999,"['', '', '', '', '', '', '', '', '', '']",P01031,[],['P01031'],DINYVNPVIK EVHLVPR LNLVATPLFLKPG LNLVATPLFLKPGIP LNLVATPLFLKPGIPYPIK SYFPESWL SYFPESWLWEVHLVPR SYFPESWLWEVHLVPRR WEVHLVPR YIYPLDSLTWIEYWPR,62
P01591,IGJ_HUMAN Immunoglobulin J chain OS=Homo sapiens OX=9606 GN=JCHAIN PE=1 SV=4,1,0,1,1,0.75,[''],P01591,[],['P01591'],KCYTAVVPLVYGGETK,63
P01619,KV320_HUMAN Immunoglobulin kappa variable 3-20 OS=Homo sapiens OX=9606 GN=IGKV3-20 PE=1 SV=2,1,0,1,1,0.944,[''],P01619,[],['P01619'],EIVLTQSPGTLSLSPGER,64
P01704,LV214_HUMAN Immunoglobulin lambda variable 2-14 OS=Homo sapiens OX=9606 GN=IGLV2-14 PE=1 SV=2,1,0,1,1,0.824,[''],P01704,[],['P01704'],LMIYEVSNRPSGVSNR,65
P01705,LV223_HUMAN Immunoglobulin lambda variable 2-23 OS=Homo sapiens OX=9606 GN=IGLV2-23 PE=1 SV=2,1,0,1,1,0.765,[''],P01705,[],['P01705'],LMIYEGSKRPSGVSNR,66
P01834,IGKC_HUMAN Immunoglobulin kappa constant OS=Homo sapiens OX=9606 GN=IGKC PE=1 SV=2,15,0,15,15,12.671000000000003,"['', '', '', '', '', '', '', '', '', '', '', '', '', '', '']",P01834,[],['P01834'],DSTYSLSSTL DSTYSLSSTLT DSTYSLSSTLTL DSTYSLSSTLTLSK DSTYSLSSTLTLSKA GTASVVCLLNNFYPR GTASVVCLLNNFYPRE KVQWKVDNALQSGNSQESVTEQDSK LTLSKADYEKHKVYACEVTHQGLSSPVTK SGTASVVCLLNNFYPR SGTASVVCLLNNFYPRE TVAAPSVF TVAAPSVFIFPPSDEQLK VYACEVTHQGLSS VYACEVTHQGLSSPVTK,67
P01857,IGHG1_HUMAN Immunoglobulin heavy constant gamma 1 OS=Homo sapiens OX=9606 GN=IGHG1 PE=1 SV=2,25,0,25,25,21.954,"['', '', '', '', '', '', '', '', '', '', '', '', '', '', '', '', '', '', '', '', '', '', '', '', '']",P01857,[],['P01857'],DKTHTCPPCPAPELLGGPSVFLFPPKPK DPEVKFNWYVDGVEVHNAK DVSHEDPEVKF DVSHEDPEVKFNWYVDGVE EPQVYTLPPSRDELTK GFYPSDIAVEWESNGQPENNYK GPSVFPLAPSSKS GTQTYICNVNHKPSNTK GVEVHNAKT LLGGPSVFLFPPK LLGGPSVFLFPPKPKD PCPAPEL PLAPSSK PPCPAPELLGGPSVFLFPPKPK RTPEVTCVVVDVSHEDPEVKFNWYVDGVE SHEDPEVKF THTCPPCPA THTCPPCPAPELLGG THTCPPCPAPELLGGPSVFLFPPKPK TPEVTCVVVDVSHEDPEVKFNWYVDGVEVHNAK TTPPVLDSDGSFFLYSK TTPPVLDSDGSFFLYSKL TVLHQDWLNGK VTCVVVDVSHEDPEVKFNWYVDG VTCVVVDVSHEDPEVKFNWYVDGVEVH,68
P01859,IGHG2_HUMAN Immunoglobulin heavy constant gamma 2 OS=Homo sapiens OX=9606 GN=IGHG2 PE=1 SV=3,26,0,26,26,22.712,"['', '', '', '', '', '', '', '', '', '', '', '', '', '', '', '', '', '', '', '', '', '', '', '', '', '']",P01859,[],['P01859'],DPEVQFNWYVDGV DPEVQFNWYVDGVEVHNAK DPEVQFNWYVDGVEVHNAKT DVSHEDPEVQF DVSHEDPEVQFNWYVDGVE DYFPEPVTVSWN GFYPSDISVEWESNGQPENNYK GPSVFPLAPCSRS GTQTYTCNVDHKPSNTK LFPPKPK PPCPAPPVAGPSVFLFPPKPK PVAGPSVFLFPPKPK QDWLNGKE RTPEVTCVVVDVSHEDPEVQFNWYVDGVE SKLTVDKSRWQQGNVFSCSVMHEALHNHYTQK SVLTVVHQDWLN TPEVTCVVVDVSHEDPEVQFNWYVDGVEVHNAK TTPPMLDSDGSFFLYSK VECPPCPAPPVAGPSVFLFPPKP VLTVVHQDWL VSVLTVVHQDWLNGK VTCVVVDVSHEDPEVQFNWYVDG VTCVVVDVSHEDPEVQFNWYVDGVEVH VVHQDWLNGKE VVSVLTVVHQDWLNGK VVSVLTVVHQDWLNGKE,69
P01860,IGHG3_HUMAN Immunoglobulin heavy constant gamma 3 OS=Homo sapiens OX=9606 GN=IGHG3 PE=1 SV=3,23,0,23,23,20.389999999999993,"['', '', '', '', '', '', '', '', '', '', '', '', '', '', '', '', '', '', '', '', '', '', '']",P01860,[],['P01860'],DPEVQFKWYVDGV DPEVQFKWYVDGVEVHNAK DPEVQFKWYVDGVEVHNAKT DTPPPCPRCPAPELLGGPSVFLFPPKPK DVSHEDPEVQFKWYVDGVE EPQVYTLPPSREEMTK GFYPSDIAVEWESSGQPENNYN GTQTYTCNVNHKPSNTK PRCPAPELLGGPSVFLFPPKPK RCPAPEL RTPEVTCVVVDVSHEDPEVQFKWYVDGVE SCDTPPPCPRCPAPEL SCDTPPPCPRCPAPELL SCDTPPPCPRCPAPELLGG SHEDPEVQF SKLTVDKSRWQQGNIFSCSVMHEALHNRFTQK THTCPRCPE TPEVTCVVVDVSHEDPEVQFKWYVDGVEVHNAK TTPPMLDSDGSFF VEVHNAKT VLHQDWLNGKE VTCVVVDVSHEDPEVQFKWYVDG VTCVVVDVSHEDPEVQFKWYVDGVEVH,70
P01861,IGHG4_HUMAN Immunoglobulin heavy constant gamma 4 OS=Homo sapiens OX=9606 GN=IGHG4 PE=1 SV=2,27,0,27,27,23.627000000000002,"['', '', '', '', '', '', '', '', '', '', '', '', '', '', '', '', '', '', '', '', '', '', '', '', '', '', '']",P01861,[],['P01861'],DVSQEDPEVQFNWYVDGVE EPQVYTLPPSQEEMTK ESKYGPPCPSCPAPEFL ESKYGPPCPSCPAPEFLGGPSVFLFPPKPKDTL FLGGPSVFLFPPK FLGGPSVFLFPPKPKD GTKTYTCNVDHKPSNTK KYGPPCPSCPAPEFLGGPSVFLFPPKPK LHQDWLNGK PAPEFLGGPSVFL PPCPSCPAPEFLGGPSVFLFPPKP PSCPAPEFLGGPSVFLFPPKPK RTPEVTCVVVDVSQEDPEVQFNWYVDGVE SCPAPEF SRLTVDKSRWQEGNVFSCSVMHEALHNHYTQK SVFLFPPKPKD TPEVTCVVVDVSQEDPEVQFNWYVDGVEVHNAK TTPPVLDSDGS TTPPVLDSDGSFF TTPPVLDSDGSFFLYSR TTPPVLDSDGSFFLYSRL VSVLTVLHQDWLNGK VTCVVVDVSQEDPEVQFNWYVDG VTCVVVDVSQEDPEVQFNWYVDGVEVH VVSVLTVLHQDWLNGK VVSVLTVLHQDWLNGKE VVVDVSQEDPEVQ,71
P01871,IGHM_HUMAN Immunoglobulin heavy constant mu OS=Homo sapiens OX=9606 GN=IGHM PE=1 SV=5,11,0,11,11,9.783999999999999,"['', '', '', '', '', '', '', '', '', '', '']",P01871,[],['P01871'],AHEALPNRV EWNTGETYTCVVAHEALPNRV GVALHRPDVYLLPPAR HEALPNRV NVPLPVIAELPPK QIQVSWLR QVGSGVTTDQVQAEAK RPKGVALHRPDVYLLPPAR SILTVSEEEWNTGETYTCVVAHEALPNRV VFAIPPSFASIFLTK VSVFVPPR,72
P01876,IGHA1_HUMAN Immunoglobulin heavy constant alpha 1 OS=Homo sapiens OX=9606 GN=IGHA1 PE=1 SV=3,8,0,8,8,7.2509999999999994,"['', '', '', '', '', '', '', '']",P01876,[],['P01876'],DASGVTFTWTP DASGVTFTWTPSSG DASGVTFTWTPSSGK KGDTFSCMVGHEALPLAFTQKT LALNELVTLTCLAR NELVTLTCLARG QEPSQGTTTFAVTSILR SVSSVLPGCAEPWNHGK,73
P01877,IGHA2_HUMAN Immunoglobulin heavy constant alpha 2 OS=Homo sapiens OX=9606 GN=IGHA2 PE=1 SV=5,11,0,11,11,9.793,"['', '', '', '', '', '', '', '', '', '', '']",P01877,[],['P01877'],DASGATFTWTP DASGATFTWTPSSG DASGATFTWTPSSGK ELVTLTCLAR HEALPLAF KGETFSCMVGHEALPLAFTQKT LVTLTCLARG QEPSQGTTTYAVTSILR SGNTFRPEVHLLPPPSEELALNELVTLTCLAR SVSSVLPGCAQPWNHGE VTLTCLARG,74
P02008,HBAZ_HUMAN Hemoglobin subunit zeta OS=Homo sapiens OX=9606 GN=HBZ PE=1 SV=2,1,0,1,1,0.75,[''],P02008,[],['P02008'],TYFPHFDLHPGSAQLR,75
P02042,HBD_HUMAN Hemoglobin subunit delta OS=Homo sapiens OX=9606 GN=HBD PE=1 SV=2,2,0,2,2,1.725,"['', '']",P02042,[],['P02042'],FFESFGDLSSPDAVMGNPK GGEALGRLLVVYPWTQRF,76
P02100,HBE_HUMAN Hemoglobin subunit epsilon OS=Homo sapiens OX=9606 GN=HBE1 PE=1 SV=2,1,0,1,1,0.818,[''],P02100,[],['P02100'],LLVVYPWTQRF,77
P02647,APOA1_HUMAN Apolipoprotein A-I OS=Homo sapiens OX=9606 GN=APOA1 PE=1 SV=1,30,0,30,30,25.644,"['', '', '', '', '', '', '', '', '', '', '', '', '', '', '', '', '', '', '', '', '', '', '', '', '', '', '', '', '', '']",P02647,[],['P02647'],AKPALEDLR APYSDELRQ DEPPQSPWDR DEPPQSPWDRV DLATVYVDVLK DLATVYVDVLKD DNWDSVTSTF DYVSQFEGS DYVSQFEGSAL DYVSQFEGSALGK EEMELYRQ EQLGPVTQEFWDNLEKETEGLR HLAPYSDELR HLAPYSDELRQ LLDNWDSVTS LLDNWDSVTSTF LLDNWDSVTSTFSK LLDNWDSVTSTFSKL LSALEEYTK LSPLGEEMR PYSDELRQ QGLLPVLESFK QGLLPVLESFKV REQLGPVTQEFW RQGLLPVLESFK VQPYLDDFQK VSFLSALE VSFLSALEE VSFLSALEEYTKK VTSTFSKL,78
P02649,APOE_HUMAN Apolipoprotein E OS=Homo sapiens OX=9606 GN=APOE PE=1 SV=1,3,0,3,3,2.846,"['', '', '']",P02649,[],['P02649'],GEVQAMLGQSTEELR SWFEPLVEDMQRQ WVQTLSEQVQEELLSSQVTQELR,79
P02652,APOA2_HUMAN Apolipoprotein A-II OS=Homo sapiens OX=9606 GN=APOA2 PE=1 SV=1,9,0,9,9,7.519,"['', '', '', '', '', '', '', '', '']",P02652,[],['P02652'],AGTELVNFLSYF CVESLVSQY CVESLVSQYFQTVT CVESLVSQYFQTVTDYGKD EPCVESLVSQYFQTVTDYGK KAGTELVNFLSYF KAGTELVNFLSYFVELGTQPATQ QTVTDYGKD VESLVSQYFQTVTD,80
P02654,APOC1_HUMAN Apolipoprotein C-I OS=Homo sapiens OX=9606 GN=APOC1 PE=1 SV=1,1,0,1,1,1.0,[''],P02654,[],['P02654'],EWFSETFQK,81
P02655,APOC2_HUMAN Apolipoprotein C-II OS=Homo sapiens OX=9606 GN=APOC2 PE=1 SV=1,4,0,4,4,3.548,"['', '', '', '']",P02655,[],['P02655'],DEMPSPTFLTQVK GIFTDQVLS GIFTDQVLSVL STAAMSTYTGIFTDQVLSVLK,82
P02656,APOC3_HUMAN Apolipoprotein C-III OS=Homo sapiens OX=9606 GN=APOC3 PE=1 SV=1,2,0,2,2,2.0,"['', '']",P02656,[],['P02656'],GWVTDGFSSLK SEAEDASLLSFMQGYMK,83
P02671,FIBA_HUMAN Fibrinogen alpha chain OS=Homo sapiens OX=9606 GN=FGA PE=1 SV=2,1,0,1,1,1.0,[''],P02671,[],['P02671'],DSGEGDFLAEGGGVR,84
P02675,FIBB_HUMAN Fibrinogen beta chain OS=Homo sapiens OX=9606 GN=FGB PE=1 SV=2,1,0,1,1,1.0,[''],P02675,[],['P02675'],QGVNDNEEGFFSA,85
P02747,C1QC_HUMAN Complement C1q subcomponent subunit C OS=Homo sapiens OX=9606 GN=C1QC PE=1 SV=3,1,0,1,1,0.778,[''],P02747,[],['P02747'],FQSVFTVTR,86
P02749,APOH_HUMAN Beta-2-glycoprotein 1 OS=Homo sapiens OX=9606 GN=APOH PE=1 SV=3,1,0,1,1,0.8,[''],P02749,[],['P02749'],FICPLTGLWPINTLK,87
P02750,A2GL_HUMAN Leucine-rich alpha-2-glycoprotein OS=Homo sapiens OX=9606 GN=LRG1 PE=1 SV=2,2,0,2,2,2.0,"['', '']",P02750,[],['P02750'],DLLLPQPDLR ENQLEVLEVSWLHGLK,88
P02751,FINC_HUMAN Fibronectin OS=Homo sapiens OX=9606 GN=FN1 PE=1 SV=5,2,0,2,2,1.909,"['', '']",P02751,[],['P02751'],IYLYTLNDNAR WLPSSSPVTGYR,89
P02753,RET4_HUMAN Retinol-binding protein 4 OS=Homo sapiens OX=9606 GN=RBP4 PE=1 SV=3,1,0,1,1,1.0,[''],P02753,[],['P02753'],FSGTWYAMAK,90
P02760,AMBP_HUMAN Protein AMBP OS=Homo sapiens OX=9606 GN=AMBP PE=1 SV=1,1,0,1,1,0.917,[''],P02760,[],['P02760'],AFIQLWAFDAVK,91
P02763,A1AG1_HUMAN Alpha-1-acid glycoprotein 1 OS=Homo sapiens OX=9606 GN=ORM1 PE=1 SV=2,4,0,4,4,3.683,"['', '', '', '']",P02763,[],['P02763'],LGEFYEALDCLR NWGLSVYADKPET NWGLSVYADKPETTK TYMLAFDVNDEK,92
P02765,FETUA_HUMAN Alpha-2-HS-glycoprotein OS=Homo sapiens OX=9606 GN=AHSG PE=1 SV=2,9,0,9,9,7.500000000000001,"['', '', '', '', '', '', '', '', '']",P02765,[],['P02765'],AQLVPLPPSTYVEFTVSGTDCVAKE DTLETTCHVLDPT DTLETTCHVLDPTPVAR IDTLETTCHVLDPTP IDTLETTCHVLDPTPVAR QPNCDDPETEEAA QPNCDDPETEEAALVAIDYINQNLPWGYK RQPNCDDPETEEAALVAIDYINQNLPWGYK VWPQQPSGELFEIEIDTLETTCHV,93
P02766,TTHY_HUMAN Transthyretin OS=Homo sapiens OX=9606 GN=TTR PE=1 SV=1,4,0,4,4,3.809,"['', '', '', '']",P02766,[],['P02766'],AADDTWEPFASGK ALGISPFHEHAEVVFTANDSGPR GSPAINVAVHVFR TSESGELHGLTTEEEFVEGIYKVEIDTK,94
P02768,ALBU_HUMAN Albumin OS=Homo sapiens OX=9606 GN=ALB PE=1 SV=2,137,0,137,137,115.11199999999998,"['', '', '', '', '', '', '', '', '', '', '', '', '', '', '', '', '', '', '', '', '', '', '', '', '', '', '', '', '', '', '', '', '', '', '', '', '', '', '', '', '', '', '', '', '', '', '', '', '', '', '', '', '', '', '', '', '', '', '', '', '', '', '', '', '', '', '', '', '', '', '', '', '', '', '', '', '', '', '', '', '', '', '', '', '', '', '', '', '', '', '', '', '', '', '', '', '', '', '', '', '', '', '', '', '', '', '', '', '', '', '', '', '', '', '', '', '', '', '', '', '', '', '', '', '', '', '', '', '', '', '', '', '', '', '', '', '']",P02768,[],['P02768'],AADFVESK AADFVESKD ADDKETCFAEEGKK ADDKETCFAEEGKKL ADFVESKDVCKNY ADPHECYA AEDYLSVVLN AEFAEVSKLVTDLTKVHTE AFHDNEETFLKK AQYLQQCPFEDHVKL ARRHPYFYAPELLFFAK AVMDDFA AVMDDFAAFV AVMDDFAAFVEK AVMDDFAAFVEKC CASLQKFGERAFKAWAVARLSQRFPKAEFAEVSK CASLQKFGERAFKAWAVARLSQRFPKAEFAEVSKLVTDLTKVHTE CPFEDHVKL CTAFHDNEETFLK CTAFHDNEETFLKK CTLSEKERQIKKQTALVELVKHKPKATK CVLHEKT DETYVPKE DFVESKDVCKNY DICTLSEKERQIKKQTALVELVKH DPHECYA DVMCTAFHDNEETFLKK EFNAETFT EFNAETFTFHADICTLSEKE ELLFFAKR EPERNECFLQHK ETFTFHADICTLSEK ETYGEMADCCAK FDEFKPLV FEDHVKLV FKDLGEENFKA FQNALLVRYTKKVPQVSTPTLVEVSR FTFHADICTLSEK FYAPELLFFAK GMFLYEYARRH HDNEETFLK HDNEETFLKKY HDNEETFLKKYLYEIAR HPDYSVV HPDYSVVL HPDYSVVLLL HPYFYAPELLF HPYFYAPELLFF HPYFYAPELLFFA HPYFYAPELLFFAK HPYFYAPELLFFAKR IARRHPYFYAPELLFFAK ICTLSEKERQIKKQTALVELVKHKPKATK KCCAAADPHECYAKV KCCTESLV KDVCKNYAEAKDVFLGMFLYEYARRHPDYSVVLLLRLAKTYETTLEK KLCTVATLR KLVAASQAALGL KLVNEVTEFAK KPLVEEPQNL KQNCELFEQLGE KVHTECCHGDLLE KVPQVST KVPQVSTP LAADFVESK LAADFVESKD LAADFVESKDVCKNY LCVLHEKT LGEYKFQNALLVRY LHTLFGDKL LNQLCVLHEKT LSVVLNQLCVLHE LSVVLNQLCVLHEK LVNEVTEFAK LVRPEVDVMC LVRPEVDVMCT LVRPEVDVMCTAFHDNEETFLKK LVRPEVDVMCTAFHDNEETFLKKYLYEIARRHPYFYAPELLFFAKRYKAAFTECCQAADKA LVRPEVDVMCTAFHDNEETFLKKYLYEIARRHPYFYAPELLFFAKRYKAAFTECCQAADKAACLLPK LYEIARRHPYFYAPELLFFAKRYKAAFTECCQAADKA LYEYARRH MCTAFHDNEE MCTAFHDNEETFLK MCTAFHDNEETFLKK MPCAEDYLSVVLN MPCAEDYLSVVLNQLCVLHEK MPCAEDYLSVVLNQLCVLHEKTPVSDRVTKCC NEETFLKK NEETFLKKY NQLCVLHEKT PCAEDYLSVVLNQLCVLHEK PCFSALEVD PSLAADFVESK PYFYAPELLFF QCPFEDHVKLV QCPFEDHVKLVNEVTEFAKT QEPERNECFLQHK QEPERNECFLQHKD QIKKQTALVELVKHKPKATK QLCVLHEKT QNCELFEQ QNCELFEQL QNCELFEQLGEYKFQNALLVRYTKKVPQVSTPTLVEVSR QQCPFEDHVKL QQCPFEDHVKLV QYLQQCPFEDHVKLV RETYGEMADCCAK RHPDYSVV RHPDYSVVL RHPDYSVVLLLR RPCFSALEVDETY RPCFSALEVDETYVPK RRPCFSALEVDE RRPCFSALEVDETY RRPCFSALEVDETYVPK SHCIAEVENDEMPADLPSLAADFVESK SLAADFVESKD SLHTLFGDKLCTVATLRETYGEMADCCAKQ SLHTLFGDKLCTVATLRETYGEMADCCAKQE TAFHDNEETFLKK TCVADESAENCDK TCVADESAENCDKS TECCHGDLLECADDRA TFHADICTLSEK TLVEVSRN VDETYVPKE VFDEFKPLVEEPQN VFDEFKPLVEEPQNLIKQNCELFEQLGEYK VHTECCHGDLLECADDR VLNQLCVLHEKT VMDDFAAFVEKC VVLNQLCVLHEK YFYAPELLFF YFYAPELLFFA YFYAPELLFFAK YGEMADCCAKQE YSVVLLLRL,95
P02771,FETA_HUMAN Alpha-fetoprotein OS=Homo sapiens OX=9606 GN=AFP PE=1 SV=1,2,0,2,2,1.528,"['', '']",P02771,[],['P02771'],DETYVPPA VDETYVPPA,96
P02774,VTDB_HUMAN Vitamin D-binding protein OS=Homo sapiens OX=9606 GN=GC PE=1 SV=2,6,0,6,6,5.415,"['', '', '', '', '', '']",P02774,[],['P02774'],KFPSGTFEQVSQLVK PTADLEDVLPLAEDI PTADLEDVLPLAEDITNI VCTYFMPAAQLPELPDVELPTNK VPTADLEDVLPLAEDITN VPTADLEDVLPLAEDITNILSK,97
P02787,TRFE_HUMAN Serotransferrin OS=Homo sapiens OX=9606 GN=TF PE=1 SV=4,33,0,33,33,28.873999999999995,"['', '', '', '', '', '', '', '', '', '', '', '', '', '', '', '', '', '', '', '', '', '', '', '', '', '', '', '', '', '', '', '', '']",P02787,[],['P02787'],AIAANEADAVTLDAGLVYDAYLAPNNLKPVVAEFYGSK AQEHFGKD AQVPSHTVVARS CDLPEPR DCHLAQVPSHTVVAR DSGFQMNQLR EDPQTFYYAVAVVK EEYANCHLAR EGTCPEAPTD EGTCPEAPTDECK EGTCPEAPTDECKP EGTCPEAPTDECKPVK EGYYGYTGAFR HSTIFENLANK IMNGEADAMSLDGGFVYIAGK KPVEEYANCHLAR MYLGYEYVTAIR NLNEKDYELLCLDGTR PSDGPSVACVK QAQEHFGKD QVPSHTVVAR SASDLTWDNLK SDNCEDTPEAGYFAVAVVKK SMGGKEDLIWELLNQAQEHFGKDKSKEFQ SVIPSDGPSVACVK TAGWNIPMGLLYNK TFYYAVAVVKK TLNQYFGYSGAFK VEEYANCHLAR VPPRMDAKMYLGYEYVTAIRN WCALSHHER YCDLPEPR YEYVTAIR,98
P02788,TRFL_HUMAN Lactotransferrin OS=Homo sapiens OX=9606 GN=LTF PE=1 SV=6,4,0,4,4,3.116,"['', '', '', '']",P02788,[],['P02788'],ERYYGYTGAFR TAGWNIPMGLLFNQ VLKGEADAMSLDGGYVYTAGK YAVAVVKK,99
P02790,HEMO_HUMAN Hemopexin OS=Homo sapiens OX=9606 GN=HPX PE=1 SV=2,18,0,18,18,15.655999999999999,"['', '', '', '', '', '', '', '', '', '', '', '', '', '', '', '', '', '']",P02790,[],['P02790'],DGWHSWPIAHQWPQGPSAVDAAFSWEEK EVGTPHGIILDSVDAAFICPGSSRL EWFWDLATGTMK GECQAEGVLFFQGDR LDSVDAAFICPGSSRL LLQDEFPGIPSPLDAAVECHRGE LVLSALTSDNHGATY LVLSALTSDNHGATYAFSGTHYWR LYLVQGTQ LYLVQGTQV LYLVQGTQVYV LYLVQGTQVYVFLTK NFPSPVDAAFR QGHNSVFLIK RCSPHLVLSALTS SALTSDNHGATY SLGPNSCSANGPGLYLIHGPNLYC TSAHGNVAEGETKPDPDVTER,100
P03952,KLKB1_HUMAN Plasma kallikrein OS=Homo sapiens OX=9606 GN=KLKB1 PE=1 SV=1,4,0,4,4,3.442,"['', '', '', '']",P03952,[],['P03952'],SFLPASSI SFLPASSIN SFLPASSINDM SFLPASSINDMEK,101
P04003,C4BPA_HUMAN C4b-binding protein alpha chain OS=Homo sapiens OX=9606 GN=C4BPA PE=1 SV=2,2,0,2,2,1.633,"['', '']",P04003,[],['P04003'],EDVYVVGTVLRY KPDVSHGEMVSGFGPIYNYK,102
P04004,VTNC_HUMAN Vitronectin OS=Homo sapiens OX=9606 GN=VTN PE=1 SV=1,6,0,6,6,5.34,"['', '', '', '', '', '']",P04004,[],['P04004'],FEDGVLDPDYPR GRPQPPAEEELCSGKPFDAFTDLK MDWLVPATCEPIQSVF MDWLVPATCEPIQSVFFFSGDK QYWEYQFQHQPSQEECEGSSLSAVFEHFAMMQRD VDTVDPPYPR,103
P04114,APOB_HUMAN Apolipoprotein B-100 OS=Homo sapiens OX=9606 GN=APOB PE=1 SV=2,63,0,63,63,56.414999999999985,"['', '', '', '', '', '', '', '', '', '', '', '', '', '', '', '', '', '', '', '', '', '', '', '', '', '', '', '', '', '', '', '', '', '', '', '', '', '', '', '', '', '', '', '', '', '', '', '', '', '', '', '', '', '', '', '', '', '', '', '', '', '', '']",P04114,[],['P04114'],ADSVVDLLSYNVQGSGETTYDHK ADYVETVLDSTCSSTVQFLEYELNVLGTHK ALVEQGFTVPEIK ALYWVNGQVPDGVSK ANILNSEELDIQDLK ATFQTPDFIVPLTDLR ATGVLYDYVNKY AVSMPSFS AVSMPSFSILGSDVR DDKHEQDMVNGIMLSVEK DKDQEVLLQTFLDDASPGDKR EFNLQNMGLPDFHIPENLFLK EFQVPTFTIPK FETLQEYFERN FNEFIQNELQEASQELQQIHQYIMALR FPEVDVLTK FQFPGKPGIYTR FSTPEFTILNTF FSVPAGIVIPSFQALTAR HIPSFTIDFVEMK HLIDSLIDFLNFPR IAELSATAQEIIK IDDIWNLEVK IEGNLIFDPNNYLPK IGQDGISTSATTNLK IHSGSFQSQVELSNDQEK ILGEELGFASLHDLQLLGK ITLIINWLQEALSSAS ITLIINWLQEALSSASLAHMK IVQILPWEQNEQVK LEIQSQVDSQHVGHSVLTAK LNGEIQALELPQK LPEIAIPEFIIPTLNLNDFQVPDLHIPEFQLPH LSLESLTSYFSIESSTK MTSNFPVDLSDYPK NFVASHIANILNSEELDI NFVASHIANILNSEELDIQDLK NIQEYLSILTDPDGK NPNGYSFSIPVK NQDVHSINLPFFETLQEYFER PDGVSKVLVDHFGYTK PSYTLILPSLEL PSYTLILPSLELPV PSYTLILPSLELPVLH PSYTLILPSLELPVLHVPR QQANDYLNSFNWER QVFLYPEKDEPTYILNIK SEILAHWSPAK SLVTTLNSDLK SVSDGIAALDLNAVANK SVSLPSLDPASAK TIDQMLNSELQWPVPDIYLR TIEMSAFGYVFPK TIHDLHLFIENIDFNK TILGTMPAFEVSLQALQK VPLLLSEPINIIDALEMR VPSYTLILPSLELP VPSYTLILPSLELPVL VPSYTLILPSLELPVLHVPR VSALLTPAEQTGTWK WNFYYSPQSSPDKK YGMVAQVTQTLK YSQPEDSLIPFFEITVPESQLTVSQFTLPK,104
P04196,HRG_HUMAN Histidine-rich glycoprotein OS=Homo sapiens OX=9606 GN=HRG PE=1 SV=1,6,0,6,6,5.555,"['', '', '', '', '', '']",P04196,[],['P04196'],CSSCQHATFGTNGAQR DHHHPHKPHEHGPPPPPDER DHHHPHKPHEHGPPPPPDERDH DHSHGPPLPQGPPPLLPM HPLKPDNQPFPQSVSESCPG KGEVLPLPEANFPSFPLPH,105
P04217,A1BG_HUMAN Alpha-1B-glycoprotein OS=Homo sapiens OX=9606 GN=A1BG PE=1 SV=4,14,0,14,14,12.585,"['', '', '', '', '', '', '', '', '', '', '', '', '', '']",P04217,[],['P04217'],ATWSGAVLAGRD CEGPIPDVTFELLR LELHVDGPPPRPQLRA LSGVDFQLRR NGVAQEPVHLDSPAIK SGLSTGWTQLSK SLPAPWLS SLPAPWLSM SLPAPWLSMAP SLPAPWLSMAPVSWITPGLK SWVPHTFESELSDPVELLVAES TLTCVAPLSGVDFQLRR TPGAAANLELIFVGPQHAGNYR VTLTCVAPLSGVDFQLRR,106
P04278,SHBG_HUMAN Sex hormone-binding globulin OS=Homo sapiens OX=9606 GN=SHBG PE=1 SV=2,3,0,3,3,2.709,"['', '', '']",P04278,[],['P04278'],ALALPPLGLAPLLNLWAK DIPQPHAEPWAF VVLSSGSGPGLDLPLVLGLPLQLK,107
P04430,KV116_HUMAN Immunoglobulin kappa variable 1-16 OS=Homo sapiens OX=9606 GN=IGKV1-16 PE=1 SV=2,1,0,1,1,0.8,[''],P04430,[],['P04430'],NYLAWFQQKPGKAPK,108
P04432,KVD39_HUMAN Immunoglobulin kappa variable 1D-39 OS=Homo sapiens OX=9606 GN=IGKV1D-39 PE=3 SV=2,1,0,1,1,0.824,[''],P04432,[],['P04432'],FSGSGSGTDFTLTISSL,109
P05155,IC1_HUMAN Plasma protease C1 inhibitor OS=Homo sapiens OX=9606 GN=SERPING1 PE=1 SV=2,6,0,6,6,5.086,"['', '', '', '', '', '']",P05155,[],['P05155'],GVTSVSQIFHSPD GVTSVSQIFHSPDL GVTSVSQIFHSPDLAIR GVTSVSQIFHSPDLAIRD LEDMEQALSPSVFK SIASLLTQVLLGAGENTK,110
P05156,CFAI_HUMAN Complement factor I OS=Homo sapiens OX=9606 GN=CFI PE=1 SV=2,3,0,3,3,2.875,"['', '', '']",P05156,[],['P05156'],KVTYTSQEDLVEK VFSLQWGEVK YQIWTTVVDWIHPDLK,111
P05543,THBG_HUMAN Thyroxine-binding globulin OS=Homo sapiens OX=9606 GN=SERPINA7 PE=1 SV=2,1,0,1,1,1.0,[''],P05543,[],['P05543'],AQWANPFDPSK,112
P06312,KV401_HUMAN Immunoglobulin kappa variable 4-1 OS=Homo sapiens OX=9606 GN=IGKV4-1 PE=1 SV=1,1,0,1,1,1.0,[''],P06312,[],['P06312'],NYLAWYQQKPGQPPK,113
P06727,APOA4_HUMAN Apolipoprotein A-IV OS=Homo sapiens OX=9606 GN=APOA4 PE=1 SV=4,5,0,5,5,4.889,"['', '', '', '', '']",P06727,[],['P06727'],EVSADQVATVMWDYFSQL EVSADQVATVMWDYFSQLSNNAK LGPHAGDVEGHLSFLEK SELTQQLNALFQDK SLAELGGHLDQQVEEFR,114
P07358,CO8B_HUMAN Complement component C8 beta chain OS=Homo sapiens OX=9606 GN=C8B PE=1 SV=4,1,0,1,1,0.917,[''],P07358,[],['P07358'],DFGTHYITEAVLGGIYEYTLVMNK,115
P07360,CO8G_HUMAN Complement component C8 gamma chain OS=Homo sapiens OX=9606 GN=C8G PE=1 SV=3,1,0,1,1,1.0,[''],P07360,[],['P07360'],AEATTLHVAPQGTAMAVSTFR,116
P07478,TRY2_HUMAN Trypsin-2 OS=Homo sapiens OX=9606 GN=PRSS2 PE=1 SV=1,2,0,2,2,1.5350000000000001,"['', '']",P07478,[],['P07478'],LGEHNIEVLEGNEQFINAAKIIRHPKYNSRTLDNDI LGEHNIEVLEGNEQFINAAKIIRHPKYNSRTLDNDIL,117
P07900,HS90A_HUMAN Heat shock protein HSP 90-alpha OS=Homo sapiens OX=9606 GN=HSP90AA1 PE=1 SV=5,1,0,1,1,0.946,[''],P07900,[],['P07900'],EDKEEEKEKEEKESEDKPEIEDVGSDEEEEKKDGDKK,118
P08185,CBG_HUMAN Corticosteroid-binding globulin OS=Homo sapiens OX=9606 GN=SERPINA6 PE=1 SV=1,3,0,3,3,2.581,"['', '', '']",P08185,[],['P08185'],GTWTQPFDLASTR NIFISPVSISMALAMLSLGTCGHTRA WSAGLTSSQVDLYIPK,119
P08519,APOA_HUMAN Apolipoprotein(a) OS=Homo sapiens OX=9606 GN=LPA PE=1 SV=2,1,0,1,1,0.818,[''],P08519,[],['P08519'],VILGAHQEVNLESHVQEIEVSR,120
P08582,TRFM_HUMAN Melanotransferrin OS=Homo sapiens OX=9606 GN=MELTF PE=1 SV=2,1,0,1,1,0.75,[''],P08582,[],['P08582'],YAVAVVRR,121
P08603,CFAH_HUMAN Complement factor H OS=Homo sapiens OX=9606 GN=CFH PE=1 SV=4,2,0,2,2,1.889,"['', '']",P08603,[],['P08603'],IDVHLVPDR KGEWVALNPLR,122
P08697,A2AP_HUMAN Alpha-2-antiplasmin OS=Homo sapiens OX=9606 GN=SERPINF2 PE=1 SV=3,5,0,5,5,4.564,"['', '', '', '', '']",P08697,[],['P08697'],GFPIKEDFLEQSEQLFGAK HQMDLVATLSQLGLQELFQAPDLR QEDDLANINQWVK WFLLEQPEIQVAHFPFK WFLLEQPEIQVAHFPFKN,123
P08949,NMB_HUMAN Neuromedin-B OS=Homo sapiens OX=9606 GN=NMB PE=1 SV=4,1,0,1,1,0.75,[''],P08949,[],['P08949'],SWDLPEPR,124
P0C0L4,CO4A_HUMAN Complement C4-A OS=Homo sapiens OX=9606 GN=C4A PE=1 SV=2,17,0,17,17,15.459000000000001,"['', '', '', '', '', '', '', '', '', '', '', '', '', '', '', '', '']",P0C0L4,[],['P0C0L4'],ADGSYAAWLSRD AEMADQASAWLTR AFSVVPTAAAAVSLK ALLSLQVPLKD EELVYELNPLDHR EMSGSPASGIPVK EVYMPSSIFQDDFVIPDISEPGTWK HLVPGAPFLLQALVR ILTVPGHLDEMQLDIQAR LHLETDSLALVALGALDTALYAAGSK LSLQVPLKD MRPSTDTITVMVENSHGLR PVAFSVVPTAAAAVSLK SLQVPLKD SMQGGLVGNDETVALTAFVTIALHHGLAVFQDEGAEPLK VGLSGMAIADVTLLSGFHALR VTASDPLDTLGSEGALSPGGVASLLR,125
P0C0L5,CO4B_HUMAN Complement C4-B OS=Homo sapiens OX=9606 GN=C4B_2 PE=1 SV=2,15,0,15,15,14.107,"['', '', '', '', '', '', '', '', '', '', '', '', '', '', '']",P0C0L5,[],['P0C0L5'],ADGSYAAWLSRG AEMADQAAAWLTR AFSVVPTAATAVSLK ASAGLLGAHAAAITAY DFALLSLQVPLK GLEEELQFSLGSK GPEVQLVAHSPWLK IYLAPTLAASR LLLFSPSVVHLGVPLSVGVQLQDVPR LNMGITDLQGLR NPSDPMPQAPALWIETTAYALLHLLLHEGK PVAFSVVPTAATAVSLK SFFPENWLWR STQDTVIALDALSAYWIASHTTEER VGDTLNLNLRA,126
P0C7Q5,S35G4_HUMAN Putative solute carrier family 35 member G4 OS=Homo sapiens OX=9606 GN=SLC35G4 PE=5 SV=1,1,0,1,1,0.75,[''],P0C7Q5,[],['P0C7Q5'],VAFLSGLV,127
P0CF74,IGLC6_HUMAN Immunoglobulin lambda constant 6 OS=Homo sapiens OX=9606 GN=IGLC6 PE=1 SV=1,1,0,1,1,0.861,[''],P0CF74,[],['P0CF74'],AAPSVTLFPPSSEELQANKATLVCLISDFYPGAVKV,128
P0CG04,IGLC1_HUMAN Immunoglobulin lambda constant 1 OS=Homo sapiens OX=9606 GN=IGLC1 PE=1 SV=1,2,0,2,2,1.6789999999999998,"['', '']",P0CG04,[],['P0CG04'],ANPTVTLFPPSSEELQANKATLVCLISDFYPGAVTV ANPTVTLFPPSSEELQANKATLVCLISDFYPGAVTVAWK,129
P0DJI8,SAA1_HUMAN Serum amyloid A-1 protein OS=Homo sapiens OX=9606 GN=SAA1 PE=1 SV=1,1,0,1,1,1.0,[''],P0DJI8,[],['P0DJI8'],FFGHGAEDSLADQAANEWGR,130
P0DJI9,SAA2_HUMAN Serum amyloid A-2 protein OS=Homo sapiens OX=9606 GN=SAA2 PE=1 SV=1,2,0,2,2,1.8,"['', '']",P0DJI9,[],['P0DJI9'],LTGRGAEDSLADQAANKWGR SFFSFLGEAFDGAR,131
P0DML3,CSH2_HUMAN Chorionic somatomammotropin hormone 2 OS=Homo sapiens OX=9606 GN=CSH2 PE=1 SV=1,1,0,1,1,0.857,[''],P0DML3,[],['P0DML3'],ISLLLIESWLEPVR,132
P0DOY2,IGLC2_HUMAN Immunoglobulin lambda constant 2 OS=Homo sapiens OX=9606 GN=IGLC2 PE=1 SV=1,1,0,1,1,0.897,[''],P0DOY2,[],['P0DOY2'],AAPSVTLFPPSSEELQANKATLVCLISDFYPGAVTVAWK,133
P0DOY3,IGLC3_HUMAN Immunoglobulin lambda constant 3 OS=Homo sapiens OX=9606 GN=IGLC3 PE=1 SV=1,4,0,4,4,3.282,"['', '', '', '']",P0DOY3,[],['P0DOY3'],AAPSVTLFPPSSEELQANKATLVCLISDFYPGAVTV AAPSVTLFPPSSEELQANKATLVCLISDFYPGAVTVAWKADSSPV GAVTVAWK KATLVCLISDFYPGAVTVAWK,134
P0DP03,HVC05_HUMAN Immunoglobulin heavy variable 3-30-5 OS=Homo sapiens OX=9606 GN=IGHV3-30-5 PE=3 SV=1,1,0,1,1,1.0,[''],P0DP03,[],['P0DP03'],NTLYLQMNSLR,135
P10909,CLUS_HUMAN Clusterin OS=Homo sapiens OX=9606 GN=CLU PE=1 SV=1,1,0,1,1,0.818,[''],P10909,[],['P10909'],EPQDTYHYLPF,136
P12524,MYCL_HUMAN Protein L-Myc OS=Homo sapiens OX=9606 GN=MYCL PE=1 SV=2,1,0,1,1,0.778,[''],P12524,[],['P12524'],ERGPQEEVL,137
P13671,CO6_HUMAN Complement component C6 OS=Homo sapiens OX=9606 GN=C6 PE=1 SV=3,2,0,2,2,2.0,"['', '']",P13671,[],['P13671'],QLEWGLER SEYGAALAWEK,138
P17787,ACHB2_HUMAN Neuronal acetylcholine receptor subunit beta-2 OS=Homo sapiens OX=9606 GN=CHRNB2 PE=1 SV=1,1,0,1,1,0.75,[''],P17787,[],['P17787'],SLDVPLVG,139
P18428,LBP_HUMAN Lipopolysaccharide-binding protein OS=Homo sapiens OX=9606 GN=LBP PE=1 SV=3,1,0,1,1,0.909,[''],P18428,[],['P18428'],ITLPDFTGDLR,140
P19652,A1AG2_HUMAN Alpha-1-acid glycoprotein 2 OS=Homo sapiens OX=9606 GN=ORM2 PE=1 SV=2,3,0,3,3,2.673,"['', '', '']",P19652,[],['P19652'],LGEFYEALDCLC NWGLSFYADKPET NWGLSFYADKPETTK,141
P19823,ITIH2_HUMAN Inter-alpha-trypsin inhibitor heavy chain H2 OS=Homo sapiens OX=9606 GN=ITIH2 PE=1 SV=2,7,0,7,7,6.452,"['', '', '', '', '', '', '']",P19823,[],['P19823'],AEDHFSVIDFNQNIR AGELEVFNGYFVHFFAPDNLDPIPK HLEVDVWVIEPQGLR LWAYLTINQLLAER SILQMSLDHHIVTPLTSLVIENEAGDER VVNNSPQPQNVVFDVQIPK WAYLTINQLLAER,142
P19827,ITIH1_HUMAN Inter-alpha-trypsin inhibitor heavy chain H1 OS=Homo sapiens OX=9606 GN=ITIH1 PE=1 SV=3,9,0,9,9,8.595,"['', '', '', '', '', '', '', '', '']",P19827,[],['P19827'],EVAFDLEIPK GFSLDEATNLNGGLLR GMADQDGLKPTIDKPSEDSPPLEMLGPR GSLVQASEANLQAAQDFVR ILGDMQPGDYFDLVLFGTR LWAYLTIQELLAK PLLVDVDLQYPQDAVLALTQNHHK QAVDTAVDGVFIR TMEQFTIHLTVNPQSK,143
P20742,PZP_HUMAN Pregnancy zone protein OS=Homo sapiens OX=9606 GN=PZP PE=1 SV=4,24,0,24,24,21.203,"['', '', '', '', '', '', '', '', '', '', '', '', '', '', '', '', '', '', '', '', '', '', '', '']",P20742,[],['P20742'],AFQPFFVELTMPYSVIRG ASFSVLGDILGSAMQNIQNLLQMPYGCGE AVDQSVLLMKPEAELSVSSVYNLLTVK DSHFRQGIPFFAQVLLVDGK HYSWVAEDHQGAQHTANRV IDEAHITQSLTWLSQ IDEAHITQSLTWLSQMQK IQHPFTVEEFVLPK LLLQQISLPELPGEYVIT LVPSLLHTEAPK MVSGFIPLKPTVK NTQSLVFVQTDKPMYKPGQTVR QGIPFFAQVLLVDGK QLSFPLSSEPIQGSYR QQNAQGGFSSTQDTVVALHALSR SLLHTEAPK SVLLMKPEAELSVSSVYNLLTVK SVYNLLTVK TEPQYMVLVPSLLHTEAPKK TLLVEAEGIEQEK TVVALHALSRY VDLSFSPAQSPPASHAHLQ VLLMKPEAELSVSSVYNL VYDYYETDE,144
P20848,A1ATR_HUMAN Alpha-1-antitrypsin-related protein OS=Homo sapiens OX=9606 GN=SERPINA2 PE=1 SV=2,2,0,2,2,1.556,"['', '']",P20848,[],['P20848'],IFSNEADLSGVSQEAPLK LYHSEASSINFRDTEEAK,145
P22792,CPN2_HUMAN Carboxypeptidase N subunit 2 OS=Homo sapiens OX=9606 GN=CPN2 PE=1 SV=3,2,0,2,2,1.7890000000000001,"['', '']",P22792,[],['P22792'],LTLNFNMLEALPEGLFQHLAALESLHLQGNQLQALPR SLMLSYNAITHLPAGIFRD,146
P23083,HV102_HUMAN Immunoglobulin heavy variable 1-2 OS=Homo sapiens OX=9606 GN=IGHV1-2 PE=1 SV=2,1,0,1,1,0.917,[''],P23083,[],['P23083'],QVQLVQSGAEVK,147
P23142,FBLN1_HUMAN Fibulin-1 OS=Homo sapiens OX=9606 GN=FBLN1 PE=1 SV=4,1,0,1,1,0.8,[''],P23142,[],['P23142'],TGYYFDGISR,148
P25311,ZA2G_HUMAN Zinc-alpha-2-glycoprotein OS=Homo sapiens OX=9606 GN=AZGP1 PE=1 SV=2,5,0,5,5,4.502,"['', '', '', '', '']",P25311,[],['P25311'],EDVPAFQALGSLN EIPAWVPFDPAAQITK HVEDVPAFQALGSLNDLQ HVEDVPAFQALGSLNDLQFFR VEDVPAFQALGSLND,149
P27348,1433T_HUMAN 14-3-3 protein theta OS=Homo sapiens OX=9606 GN=YWHAQ PE=1 SV=1,1,0,1,1,0.886,[''],P27348,[],['P27348'],KLAEQAERYDDMATCMKAVTEQGAELSNEERNLLS,150
P29279,CCN2_HUMAN CCN family member 2 OS=Homo sapiens OX=9606 GN=CCN2 PE=1 SV=2,1,0,1,1,0.8,[''],P29279,[],['P29279'],YGDMA,151
P29474,NOS3_HUMAN Nitric oxide synthase 3 OS=Homo sapiens OX=9606 GN=NOS3 PE=1 SV=4,1,0,1,1,0.75,[''],P29474,[],['P29474'],VTSTFGNG,152
P29622,KAIN_HUMAN Kallistatin OS=Homo sapiens OX=9606 GN=SERPINA4 PE=1 SV=3,1,0,1,1,0.909,[''],P29622,[],['P29622'],IAPANADFAFR,153
P30926,ACHB4_HUMAN Neuronal acetylcholine receptor subunit beta-4 OS=Homo sapiens OX=9606 GN=CHRNB4 PE=1 SV=2,1,0,1,1,0.75,[''],P30926,[],['P30926'],SLDVPLIG,154
P31327,"CPSM_HUMAN Carbamoyl-phosphate synthase [ammonia], mitochondrial OS=Homo sapiens OX=9606 GN=CPS1 PE=1 SV=2",2,0,2,2,1.607,"['', '']",P31327,[],['P31327'],AEVHLVPW EVHLVPW,155
P31639,SC5A2_HUMAN Sodium/glucose cotransporter 2 OS=Homo sapiens OX=9606 GN=SLC5A2 PE=1 SV=1,2,0,2,2,1.653,"['', '']",P31639,[],['P31639'],EAAAAARR EEAAAAARR,156
P31946,1433B_HUMAN 14-3-3 protein beta/alpha OS=Homo sapiens OX=9606 GN=YWHAB PE=1 SV=3,1,0,1,1,0.971,[''],P31946,[],['P31946'],KLAEQAERYDDMAAAMKAVTEQGHELSNEERNLLS,157
P32321,DCTD_HUMAN Deoxycytidylate deaminase OS=Homo sapiens OX=9606 GN=DCTD PE=1 SV=2,1,0,1,1,0.75,[''],P32321,[],['P32321'],VAFLSAQR,158
P32926,DSG3_HUMAN Desmoglein-3 OS=Homo sapiens OX=9606 GN=DSG3 PE=1 SV=2,1,0,1,1,0.75,[''],P32926,[],['P32926'],IGLLLLGLLLLL,159
P35030,TRY3_HUMAN Trypsin-3 OS=Homo sapiens OX=9606 GN=PRSS3 PE=1 SV=2,3,0,3,3,2.4509999999999996,"['', '', '']",P35030,[],['P35030'],LGEHNIKVLEGNEQFINAAKIIRHPKYNRDTLDNDI LGEHNIKVLEGNEQFINAAKIIRHPKYNRDTLDNDIM LGEHNIKVLEGNEQFINAAKIIRHPKYNRDTLDNDIMLIKL,160
P35858,ALS_HUMAN Insulin-like growth factor-binding protein complex acid labile subunit OS=Homo sapiens OX=9606 GN=IGFALS PE=1 SV=1,3,0,3,3,2.731,"['', '', '']",P35858,[],['P35858'],IRPHTFTGLSGLR NLIAAVAPGAFLGLK VAGLLEDTFPGLLGLR,161
P37108,SRP14_HUMAN Signal recognition particle 14 kDa protein OS=Homo sapiens OX=9606 GN=SRP14 PE=1 SV=2,1,0,1,1,0.833,[''],P37108,[],['P37108'],KAAAAAAAAAPA,162
P38567,HYALP_HUMAN Hyaluronidase PH-20 OS=Homo sapiens OX=9606 GN=SPAM1 PE=1 SV=1,1,0,1,1,0.75,[''],P38567,[],['P38567'],IVFTDQVL,163
P40200,TACT_HUMAN T-cell surface protein tactile OS=Homo sapiens OX=9606 GN=CD96 PE=1 SV=2,1,0,1,1,0.75,[''],P40200,[],['P40200'],TLVDVSAL,164
P42858,HD_HUMAN Huntingtin OS=Homo sapiens OX=9606 GN=HTT PE=1 SV=2,1,0,1,1,0.778,[''],P42858,[],['P42858'],LNDLFGDAA,165
P43378,PTN9_HUMAN Tyrosine-protein phosphatase non-receptor type 9 OS=Homo sapiens OX=9606 GN=PTPN9 PE=1 SV=1,1,0,1,1,0.75,[''],P43378,[],['P43378'],SGQNLLAV,166
P43652,AFAM_HUMAN Afamin OS=Homo sapiens OX=9606 GN=AFM PE=1 SV=1,4,0,4,4,3.855,"['', '', '', '']",P43652,[],['P43652'],HELTDEELQSLFTNFANVVDK IAPQLSTEELVSLGEK RHPDLSIPELLR VFAPTLLTVAVHFEEVAK,167
P43694,GATA4_HUMAN Transcription factor GATA-4 OS=Homo sapiens OX=9606 GN=GATA4 PE=1 SV=2,1,0,1,1,0.909,[''],P43694,[],['P43694'],AAAAAAAAARE,168
P49454,CENPF_HUMAN Centromere protein F OS=Homo sapiens OX=9606 GN=CENPF PE=1 SV=3,1,0,1,1,0.778,[''],P49454,[],['P49454'],QLCVLQQLK,169
P49682,CXCR3_HUMAN C-X-C chemokine receptor type 3 OS=Homo sapiens OX=9606 GN=CXCR3 PE=1 SV=2,1,0,1,1,0.778,[''],P49682,[],['P49682'],VTLTCLAVW,170
P51523,ZNF84_HUMAN Zinc finger protein 84 OS=Homo sapiens OX=9606 GN=ZNF84 PE=1 SV=2,1,0,1,1,0.895,[''],P51523,[],['P51523'],IHTGEKPFECSECGKAFSR,171
P51991,ROA3_HUMAN Heterogeneous nuclear ribonucleoprotein A3 OS=Homo sapiens OX=9606 GN=HNRNPA3 PE=1 SV=2,1,0,1,1,0.783,[''],P51991,[],['P51991'],RKLFIGGLSFETTDDSLREHFEK,172
P52701,MSH6_HUMAN DNA mismatch repair protein Msh6 OS=Homo sapiens OX=9606 GN=MSH6 PE=1 SV=2,1,0,1,1,0.75,[''],P52701,[],['P52701'],IDFLSALE,173
P52742,ZN135_HUMAN Zinc finger protein 135 OS=Homo sapiens OX=9606 GN=ZNF135 PE=1 SV=3,1,0,1,1,0.8,[''],P52742,[],['P52742'],IHTGEKPYQCGECGKAFSHS,174
P53602,MVD1_HUMAN Diphosphomevalonate decarboxylase OS=Homo sapiens OX=9606 GN=MVD PE=1 SV=1,1,0,1,1,0.75,[''],P53602,[],['P53602'],NGDTFLKG,175
P56715,RP1_HUMAN Oxygen-regulated protein 1 OS=Homo sapiens OX=9606 GN=RP1 PE=1 SV=1,1,0,1,1,0.75,[''],P56715,[],['P56715'],DETYVPVN,176
P57682,KLF3_HUMAN Krueppel-like factor 3 OS=Homo sapiens OX=9606 GN=KLF3 PE=1 SV=1,2,0,2,2,1.653,"['', '']",P57682,[],['P57682'],GLSMPSSS GLSMPSSSP,177
P58107,EPIPL_HUMAN Epiplakin OS=Homo sapiens OX=9606 GN=EPPK1 PE=1 SV=3,2,0,2,2,2.0,"['', '']",P58107,[],['P58107'],AAAAAAAAARR AAAAAAARR,178
P61981,1433G_HUMAN 14-3-3 protein gamma OS=Homo sapiens OX=9606 GN=YWHAG PE=1 SV=2,1,0,1,1,0.8,[''],P61981,[],['P61981'],RLAEQAERYDDMAAAMKNVTELNEPLSNEERNLLS,179
P63104,1433Z_HUMAN 14-3-3 protein zeta/delta OS=Homo sapiens OX=9606 GN=YWHAZ PE=1 SV=1,1,0,1,1,0.886,[''],P63104,[],['P63104'],KLAEQAERYDDMAACMKSVTEQGAELSNEERNLLS,180
P68871,HBB_HUMAN Hemoglobin subunit beta OS=Homo sapiens OX=9606 GN=HBB PE=1 SV=2,3,0,3,3,2.661,"['', '', '']",P68871,[],['P68871'],FFESFGDLSTPDAVMGNPK LHCDKLHVDPENFR VLGAFSDGLAHLDNLK,181
P69905,HBA_HUMAN Hemoglobin subunit alpha OS=Homo sapiens OX=9606 GN=HBA2 PE=1 SV=2,5,0,5,5,5.0,"['', '', '', '', '']",P69905,[],['P69905'],KVADALTNAVAHVDDMPNALSALSDLHAHK LLSHCLLVTLAAHLPAEFTPAVHASLDKFLASVSTVLTSK MFLSFPTTK TYFPHFDLSHGSAQVK VGAHAGEYGAEALER,182
P78415,IRX3_HUMAN Iroquois-class homeodomain protein IRX-3 OS=Homo sapiens OX=9606 GN=IRX3 PE=2 SV=3,1,0,1,1,0.778,[''],P78415,[],['P78415'],LVLSALSSS,183
Q00610,CLH1_HUMAN Clathrin heavy chain 1 OS=Homo sapiens OX=9606 GN=CLTC PE=1 SV=5,1,0,1,1,0.875,[''],Q00610,[],['Q00610'],YLEFKPLL,184
Q00887,PSG9_HUMAN Pregnancy-specific beta-1-glycoprotein 9 OS=Homo sapiens OX=9606 GN=PSG9 PE=1 SV=2,1,0,1,1,0.9,[''],Q00887,[],['Q00887'],DVLLLVHNLPQNLPGYFWYK,185
Q00889,PSG6_HUMAN Pregnancy-specific beta-1-glycoprotein 6 OS=Homo sapiens OX=9606 GN=PSG6 PE=2 SV=1,1,0,1,1,0.9,[''],Q00889,[],['Q00889'],DVLLLVHNLPQNLTGYIWYK,186
Q008S8,ECT2L_HUMAN Epithelial cell-transforming sequence 2 oncogene-like OS=Homo sapiens OX=9606 GN=ECT2L PE=2 SV=2,1,0,1,1,0.75,[''],Q008S8,[],['Q008S8'],LLRPEVRD,187
Q01546,"K22O_HUMAN Keratin, type II cytoskeletal 2 oral OS=Homo sapiens OX=9606 GN=KRT76 PE=1 SV=2",1,0,1,1,0.778,[''],Q01546,[],['Q01546'],YQSSSSGSR,188
Q03188,CENPC_HUMAN Centromere protein C OS=Homo sapiens OX=9606 GN=CENPC PE=1 SV=2,3,0,3,3,2.385,"['', '', '']",Q03188,[],['Q03188'],LCTLHET LLCTLHET LLCTLHETP,189
Q04671,P_HUMAN P protein OS=Homo sapiens OX=9606 GN=OCA2 PE=1 SV=2,1,0,1,1,0.75,[''],Q04671,[],['Q04671'],TLLFFAAL,190
Q04912,RON_HUMAN Macrophage-stimulating protein receptor OS=Homo sapiens OX=9606 GN=MST1R PE=1 SV=3,1,0,1,1,0.75,[''],Q04912,[],['Q04912'],GVLLWELL,191
Q04917,1433F_HUMAN 14-3-3 protein eta OS=Homo sapiens OX=9606 GN=YWHAH PE=1 SV=4,1,0,1,1,0.771,[''],Q04917,[],['Q04917'],RLAEQAERYDDMASAMKAVTELNEPLSNEDRNLLS,192
Q05707,COEA1_HUMAN Collagen alpha-1(XIV) chain OS=Homo sapiens OX=9606 GN=COL14A1 PE=1 SV=3,1,0,1,1,0.75,[''],Q05707,[],['Q05707'],ITNLLSGM,193
Q07699,SCN1B_HUMAN Sodium channel subunit beta-1 OS=Homo sapiens OX=9606 GN=SCN1B PE=1 SV=1,1,0,1,1,0.75,[''],Q07699,[],['Q07699'],ETNAETFT,194
Q08722,CD47_HUMAN Leukocyte surface antigen CD47 OS=Homo sapiens OX=9606 GN=CD47 PE=1 SV=1,1,0,1,1,0.857,[''],Q08722,[],['Q08722'],PGEYSLK,195
Q09472,EP300_HUMAN Histone acetyltransferase p300 OS=Homo sapiens OX=9606 GN=EP300 PE=1 SV=2,1,0,1,1,0.857,[''],Q09472,[],['Q09472'],PLAPSSG,196
Q09666,AHNK_HUMAN Neuroblast differentiation-associated protein AHNAK OS=Homo sapiens OX=9606 GN=AHNAK PE=1 SV=2,1,0,1,1,0.96,[''],Q09666,[],['Q09666'],MPGFKGEGPEVDVNLPKADLDVSGP,197
Q13201,MMRN1_HUMAN Multimerin-1 OS=Homo sapiens OX=9606 GN=MMRN1 PE=1 SV=3,1,0,1,1,0.75,[''],Q13201,[],['Q13201'],QVTYVPGG,198
Q13402,MYO7A_HUMAN Unconventional myosin-VIIa OS=Homo sapiens OX=9606 GN=MYO7A PE=1 SV=2,2,0,2,2,1.607,"['', '']",Q13402,[],['Q13402'],GDLPEPK MGDLPEPK,199
Q13438,OS9_HUMAN Protein OS-9 OS=Homo sapiens OX=9606 GN=OS9 PE=1 SV=1,1,0,1,1,0.75,[''],Q13438,[],['Q13438'],LGLLLLGLLLPA,200
Q13576,IQGA2_HUMAN Ras GTPase-activating-like protein IQGAP2 OS=Homo sapiens OX=9606 GN=IQGAP2 PE=1 SV=4,1,0,1,1,0.75,[''],Q13576,[],['Q13576'],GIQMPSFS,201
Q13620,CUL4B_HUMAN Cullin-4B OS=Homo sapiens OX=9606 GN=CUL4B PE=1 SV=4,1,0,1,1,0.769,[''],Q13620,[],['Q13620'],ESSSSSSSSSPTA,202
Q14185,DOCK1_HUMAN Dedicator of cytokinesis protein 1 OS=Homo sapiens OX=9606 GN=DOCK1 PE=1 SV=2,1,0,1,1,0.75,[''],Q14185,[],['Q14185'],ADFVESLL,203
Q14568,HS902_HUMAN Heat shock protein HSP 90-alpha A2 OS=Homo sapiens OX=9606 GN=HSP90AA2P PE=1 SV=2,1,0,1,1,0.919,[''],Q14568,[],['Q14568'],EDKEEEKEKEEKESKDKPEIEDVGSDEEEEKKDGDKK,204
Q14587,ZN268_HUMAN Zinc finger protein 268 OS=Homo sapiens OX=9606 GN=ZNF268 PE=1 SV=2,2,0,2,2,1.5739999999999998,"['', '']",Q14587,[],['Q14587'],SGQKPYVCNECGKAFGL THTGEKPYSCNECGKAFTFK,205
Q14590,ZN235_HUMAN Zinc finger protein 235 OS=Homo sapiens OX=9606 GN=ZNF235 PE=2 SV=3,1,0,1,1,0.778,[''],Q14590,[],['Q14590'],VHTGEKPFRCNVCGKGFS,206
Q14624,ITIH4_HUMAN Inter-alpha-trypsin inhibitor heavy chain H4 OS=Homo sapiens OX=9606 GN=ITIH4 PE=1 SV=4,9,0,9,9,8.645,"['', '', '', '', '', '', '', '', '']",Q14624,[],['Q14624'],AGFSWIEVTFK ANTVQEATFQMELPK AYLTIQQLLEQTVSASDADQQALR EKAEAQAQYSAAVAK GPDVLTATVSGK ITFELVYEELLK LWAYLTIQQLLEQTVSASDADQQALR SFAAGIQALGGTNINDAMLMAVQLLDSSNQEER WAYLTIQQLLEQTVSASDADQQALR,207
Q15238,PSG5_HUMAN Pregnancy-specific beta-1-glycoprotein 5 OS=Homo sapiens OX=9606 GN=PSG5 PE=1 SV=3,1,0,1,1,0.95,[''],Q15238,[],['Q15238'],DVLLLVHNLPQNLAGYIWYK,208
Q15276,RABE1_HUMAN Rab GTPase-binding effector protein 1 OS=Homo sapiens OX=9606 GN=RABEP1 PE=1 SV=2,1,0,1,1,0.75,[''],Q15276,[],['Q15276'],KEVHNAGN,209
Q15637,SF01_HUMAN Splicing factor 1 OS=Homo sapiens OX=9606 GN=SF1 PE=1 SV=4,1,0,1,1,0.75,[''],Q15637,[],['Q15637'],QQPPPPPPPSSS,210
Q2LD37,BLTP1_HUMAN Bridge-like lipid transfer protein family member 1 OS=Homo sapiens OX=9606 GN=BLTP1 PE=1 SV=2,1,0,1,1,0.778,[''],Q2LD37,[],['Q2LD37'],LSLQVPLRS,211
Q32M84,BTBDG_HUMAN BTB/POZ domain-containing protein 16 OS=Homo sapiens OX=9606 GN=BTBD16 PE=1 SV=2,1,0,1,1,0.75,[''],Q32M84,[],['Q32M84'],NFFPESWL,212
Q32P28,P3H1_HUMAN Prolyl 3-hydroxylase 1 OS=Homo sapiens OX=9606 GN=P3H1 PE=1 SV=2,1,0,1,1,0.75,[''],Q32P28,[],['Q32P28'],ELLFFAYD,213
Q3ZCT1,ZN260_HUMAN Zinc finger protein 260 OS=Homo sapiens OX=9606 GN=ZNF260 PE=1 SV=3,1,0,1,1,0.842,[''],Q3ZCT1,[],['Q3ZCT1'],IHTGEKPYECNKCGKAFSR,214
Q4G176,"ACSF3_HUMAN Malonate--CoA ligase ACSF3, mitochondrial OS=Homo sapiens OX=9606 GN=ACSF3 PE=1 SV=3",1,0,1,1,0.75,[''],Q4G176,[],['Q4G176'],ALPLPVLE,215
Q53TQ3,IN80D_HUMAN INO80 complex subunit D OS=Homo sapiens OX=9606 GN=INO80D PE=1 SV=3,1,0,1,1,0.75,[''],Q53TQ3,[],['Q53TQ3'],QLEVPLGG,216
Q58FF6,H90B4_HUMAN Putative heat shock protein HSP 90-beta 4 OS=Homo sapiens OX=9606 GN=HSP90AB4P PE=5 SV=1,1,0,1,1,0.833,[''],Q58FF6,[],['Q58FF6'],VTSTYS,217
Q5H8C1,FREM1_HUMAN FRAS1-related extracellular matrix protein 1 OS=Homo sapiens OX=9606 GN=FREM1 PE=1 SV=3,1,0,1,1,0.75,[''],Q5H8C1,[],['Q5H8C1'],SFFPESQL,218
Q5HYK9,ZN667_HUMAN Zinc finger protein 667 OS=Homo sapiens OX=9606 GN=ZNF667 PE=1 SV=2,1,0,1,1,0.85,[''],Q5HYK9,[],['Q5HYK9'],SHTGEKPYECNECGKAFSSG,219
Q5T1N1,AKND1_HUMAN Protein AKNAD1 OS=Homo sapiens OX=9606 GN=AKNAD1 PE=1 SV=3,1,0,1,1,0.75,[''],Q5T1N1,[],['Q5T1N1'],SIVLHEKA,220
Q5T5D7,ZN684_HUMAN Zinc finger protein 684 OS=Homo sapiens OX=9606 GN=ZNF684 PE=2 SV=1,1,0,1,1,0.789,[''],Q5T5D7,[],['Q5T5D7'],THTGEKPYECNRCGKAFSQ,221
Q5TCS8,KAD9_HUMAN Adenylate kinase 9 OS=Homo sapiens OX=9606 GN=AK9 PE=1 SV=2,2,0,2,2,1.607,"['', '']",Q5TCS8,[],['Q5TCS8'],LPDYSVS LPDYSVSF,222
Q5VZR4,MF14C_HUMAN Major facilitator superfamily domain-containing 14C pseudogene OS=Homo sapiens OX=9606 GN=MFSD14CP PE=1 SV=2,1,0,1,1,0.75,[''],Q5VZR4,[],['Q5VZR4'],LTVLHETF,223
Q659A1,ICE2_HUMAN Little elongation complex subunit 2 OS=Homo sapiens OX=9606 GN=ICE2 PE=1 SV=2,1,0,1,1,0.8,[''],Q659A1,[],['Q659A1'],VNEEVTEFLK,224
Q68DA7,FMN1_HUMAN Formin-1 OS=Homo sapiens OX=9606 GN=FMN1 PE=1 SV=3,1,0,1,1,0.75,[''],Q68DA7,[],['Q68DA7'],LTNLLSSD,225
Q68DE3,USF3_HUMAN Basic helix-loop-helix domain-containing protein USF3 OS=Homo sapiens OX=9606 GN=USF3 PE=1 SV=4,1,0,1,1,0.75,[''],Q68DE3,[],['Q68DE3'],RNLVQGTQ,226
Q68DH5,LMBD2_HUMAN G-protein coupled receptor-associated protein LMBRD2 OS=Homo sapiens OX=9606 GN=LMBRD2 PE=1 SV=1,1,0,1,1,0.875,[''],Q68DH5,[],['Q68DH5'],DFNAETFT,227
Q6IN85,P4R3A_HUMAN Serine/threonine-protein phosphatase 4 regulatory subunit 3A OS=Homo sapiens OX=9606 GN=PPP4R3A PE=1 SV=1,1,0,1,1,0.75,[''],Q6IN85,[],['Q6IN85'],KRQELVNFLKEF,228
Q6NSJ2,PHLB3_HUMAN Pleckstrin homology-like domain family B member 3 OS=Homo sapiens OX=9606 GN=PHLDB3 PE=1 SV=3,1,0,1,1,0.75,[''],Q6NSJ2,[],['Q6NSJ2'],FHCTESLE,229
Q6NZ67,MZT2B_HUMAN Mitotic-spindle organizing protein 2B OS=Homo sapiens OX=9606 GN=MZT2B PE=1 SV=1,1,0,1,1,0.75,[''],Q6NZ67,[],['Q6NZ67'],EEMELYEL,230
Q6PEX3,KR261_HUMAN Keratin-associated protein 26-1 OS=Homo sapiens OX=9606 GN=KRTAP26-1 PE=1 SV=1,2,0,2,2,1.5,"['', '']",Q6PEX3,[],['Q6PEX3'],QPQNLLTS SFLPASFF,231
Q6PIF6,MYO7B_HUMAN Unconventional myosin-VIIb OS=Homo sapiens OX=9606 GN=MYO7B PE=1 SV=2,2,0,2,2,1.607,"['', '']",Q6PIF6,[],['Q6PIF6'],GDLPEPV MGDLPEPV,232
Q6UWN5,LYPD5_HUMAN Ly6/PLAUR domain-containing protein 5 OS=Homo sapiens OX=9606 GN=LYPD5 PE=1 SV=2,3,0,3,3,2.357,"['', '', '']",Q6UWN5,[],['Q6UWN5'],LPPDYSVV PPDYSVV PPDYSVVR,233
Q6X4U4,SOSD1_HUMAN Sclerostin domain-containing protein 1 OS=Homo sapiens OX=9606 GN=SOSTDC1 PE=1 SV=2,1,0,1,1,0.75,[''],Q6X4U4,[],['Q6X4U4'],CLPLPVLP,234
Q6ZMS4,ZN852_HUMAN Zinc finger protein 852 OS=Homo sapiens OX=9606 GN=ZNF852 PE=1 SV=4,1,0,1,1,0.824,[''],Q6ZMS4,[],['Q6ZMS4'],TGEKPFKCSECGKAFGL,235
Q6ZMU1,C3P1_HUMAN Putative protein C3P1 OS=Homo sapiens OX=9606 GN=C3P1 PE=5 SV=3,1,0,1,1,0.75,[''],Q6ZMU1,[],['Q6ZMU1'],TLFPESWL,236
Q6ZQX7,LIAT1_HUMAN Protein LIAT1 OS=Homo sapiens OX=9606 GN=LIAT1 PE=1 SV=2,1,0,1,1,0.75,[''],Q6ZQX7,[],['Q6ZQX7'],DLAPTLLE,237
Q6ZS72,PEAK3_HUMAN Protein PEAK3 OS=Homo sapiens OX=9606 GN=PEAK3 PE=1 SV=1,1,0,1,1,0.75,[''],Q6ZS72,[],['Q6ZS72'],SLAAPSTT,238
Q6ZUM4,RHG27_HUMAN Rho GTPase-activating protein 27 OS=Homo sapiens OX=9606 GN=ARHGAP27 PE=1 SV=3,1,0,1,1,0.75,[''],Q6ZUM4,[],['Q6ZUM4'],LLRPEVEE,239
Q6ZWH5,NEK10_HUMAN Serine/threonine-protein kinase Nek10 OS=Homo sapiens OX=9606 GN=NEK10 PE=1 SV=3,1,0,1,1,0.769,[''],Q6ZWH5,[],['Q6ZWH5'],SDNSSSSSSSPLK,240
Q70E73,RAPH1_HUMAN Ras-associated and pleckstrin homology domains-containing protein 1 OS=Homo sapiens OX=9606 GN=RAPH1 PE=1 SV=3,1,0,1,1,0.818,[''],Q70E73,[],['Q70E73'],PAPPPPPPPTA,241
Q7L590,MCM10_HUMAN Protein MCM10 homolog OS=Homo sapiens OX=9606 GN=MCM10 PE=1 SV=2,1,0,1,1,0.75,[''],Q7L590,[],['Q7L590'],LQSTFSGG,242
Q7RTS3,PTF1A_HUMAN Pancreas transcription factor 1 subunit alpha OS=Homo sapiens OX=9606 GN=PTF1A PE=1 SV=1,2,0,2,2,1.889,"['', '']",Q7RTS3,[],['Q7RTS3'],AAAAAARR GAAAAAARR,243
Q7Z3B1,NEGR1_HUMAN Neuronal growth regulator 1 OS=Homo sapiens OX=9606 GN=NEGR1 PE=1 SV=3,2,0,2,2,1.689,"['', '']",Q7Z3B1,[],['Q7Z3B1'],NVTLTCLATG VTLTCLATG,244
Q7Z410,TMPS9_HUMAN Transmembrane protease serine 9 OS=Homo sapiens OX=9606 GN=TMPRSS9 PE=1 SV=2,2,0,2,2,1.607,"['', '']",Q7Z410,[],['Q7Z410'],ADVHLVPR DVHLVPR,245
Q7Z7M1,AGRD2_HUMAN Adhesion G-protein coupled receptor D2 OS=Homo sapiens OX=9606 GN=ADGRD2 PE=2 SV=1,1,0,1,1,0.778,[''],Q7Z7M1,[],['Q7Z7M1'],QRGPEEESL,246
Q86SM5,MRGRG_HUMAN Mas-related G-protein coupled receptor member G OS=Homo sapiens OX=9606 GN=MRGPRG PE=2 SV=2,1,0,1,1,0.75,[''],Q86SM5,[],['Q86SM5'],QSLPMGLL,247
Q86SU0,ILDR1_HUMAN Immunoglobulin-like domain-containing receptor 1 OS=Homo sapiens OX=9606 GN=ILDR1 PE=1 SV=2,1,0,1,1,0.75,[''],Q86SU0,[],['Q86SU0'],KLPAPWLL,248
Q86UQ0,ZN589_HUMAN Zinc finger protein 589 OS=Homo sapiens OX=9606 GN=ZNF589 PE=1 SV=1,1,0,1,1,0.778,[''],Q86UQ0,[],['Q86UQ0'],VHTCPSCPL,249
Q86UX2,ITIH5_HUMAN Inter-alpha-trypsin inhibitor heavy chain H5 OS=Homo sapiens OX=9606 GN=ITIH5 PE=2 SV=2,1,0,1,1,0.769,[''],Q86UX2,[],['Q86UX2'],NVVFVLDSSASMV,250
Q8IVN3,MSTN1_HUMAN Musculoskeletal embryonic nuclear protein 1 OS=Homo sapiens OX=9606 GN=MUSTN1 PE=3 SV=2,1,0,1,1,0.75,[''],Q8IVN3,[],['Q8IVN3'],GSAAPSVF,251
Q8IZJ3,CPMD8_HUMAN C3 and PZP-like alpha-2-macroglobulin domain-containing protein 8 OS=Homo sapiens OX=9606 GN=CPAMD8 PE=1 SV=2,1,0,1,1,0.75,[''],Q8IZJ3,[],['Q8IZJ3'],LIAAPSVF,252
Q8N184,ZN567_HUMAN Zinc finger protein 567 OS=Homo sapiens OX=9606 GN=ZNF567 PE=1 SV=3,1,0,1,1,0.789,[''],Q8N184,[],['Q8N184'],THTGEKPYECNECGKSFSQ,253
Q8N9F0,NAT8L_HUMAN N-acetylaspartate synthetase OS=Homo sapiens OX=9606 GN=NAT8L PE=1 SV=3,1,0,1,1,0.75,[''],Q8N9F0,[],['Q8N9F0'],HEALPGAK,254
Q8NA42,ZN383_HUMAN Zinc finger protein 383 OS=Homo sapiens OX=9606 GN=ZNF383 PE=1 SV=1,1,0,1,1,0.8,[''],Q8NA42,[],['Q8NA42'],IHTGEKPYECKECGKAFSSG,255
Q8NBR6,MINY2_HUMAN Ubiquitin carboxyl-terminal hydrolase MINDY-2 OS=Homo sapiens OX=9606 GN=MINDY2 PE=1 SV=2,2,0,2,2,1.528,"['', '']",Q8NBR6,[],['Q8NBR6'],AAAAAAAAS LGAAAARR,256
Q8NEZ4,KMT2C_HUMAN Histone-lysine N-methyltransferase 2C OS=Homo sapiens OX=9606 GN=KMT2C PE=1 SV=3,1,0,1,1,0.818,[''],Q8NEZ4,[],['Q8NEZ4'],QAPPPPPAPSR,257
Q8NFD5,ARI1B_HUMAN AT-rich interactive domain-containing protein 1B OS=Homo sapiens OX=9606 GN=ARID1B PE=1 SV=3,1,0,1,1,0.833,[''],Q8NFD5,[],['Q8NFD5'],AAAAAAAAAARA,258
Q8NFF2,NCKX4_HUMAN Sodium/potassium/calcium exchanger 4 OS=Homo sapiens OX=9606 GN=SLC24A4 PE=1 SV=2,1,0,1,1,0.889,[''],Q8NFF2,[],['Q8NFF2'],YSVVLLLGS,259
Q8NGF1,O52R1_HUMAN Olfactory receptor 52R1 OS=Homo sapiens OX=9606 GN=OR52R1 PE=3 SV=2,1,0,1,1,0.875,[''],Q8NGF1,[],['Q8NGF1'],YAVAVVGN,260
Q8NGT0,O13C9_HUMAN Olfactory receptor 13C9 OS=Homo sapiens OX=9606 GN=OR13C9 PE=3 SV=1,1,0,1,1,0.75,[''],Q8NGT0,[],['Q8NGT0'],ELLFFVLI,261
Q8NHM4,TRY6_HUMAN Putative trypsin-6 OS=Homo sapiens OX=9606 GN=PRSS3P2 PE=5 SV=2,2,0,2,2,1.5070000000000001,"['', '']",Q8NHM4,[],['Q8NHM4'],LGEHNIEVLEGNEQFINAAKIIRHPKYNRIILNNDI LGEHNIEVLEGNEQFINAAKIIRHPKYNRIILNNDIM,262
Q8NHW3,MAFA_HUMAN Transcription factor MafA OS=Homo sapiens OX=9606 GN=MAFA PE=1 SV=2,1,0,1,1,0.778,[''],Q8NHW3,[],['Q8NHW3'],GKPALEDLY,263
Q8NHW4,CC4L_HUMAN C-C motif chemokine 4-like OS=Homo sapiens OX=9606 GN=CCL4L2 PE=1 SV=1,1,0,1,1,0.75,[''],Q8NHW4,[],['Q8NHW4'],VVDYYETS,264
Q8TAT2,FGFP3_HUMAN Fibroblast growth factor-binding protein 3 OS=Homo sapiens OX=9606 GN=FGFBP3 PE=1 SV=1,2,0,2,2,1.607,"['', '']",Q8TAT2,[],['Q8TAT2'],DPAPLQAR PAPLQAR,265
Q8TDD1,DDX54_HUMAN ATP-dependent RNA helicase DDX54 OS=Homo sapiens OX=9606 GN=DDX54 PE=1 SV=2,1,0,1,1,0.75,[''],Q8TDD1,[],['Q8TDD1'],LVEFARAG,266
Q8TF39,ZN483_HUMAN Zinc finger protein 483 OS=Homo sapiens OX=9606 GN=ZNF483 PE=1 SV=3,2,0,2,2,1.624,"['', '']",Q8TF39,[],['Q8TF39'],IHTGEKPYMCNECGKAFSDS TGEKPYMCNECGKAFSD,267
Q8WV37,ZN480_HUMAN Zinc finger protein 480 OS=Homo sapiens OX=9606 GN=ZNF480 PE=1 SV=2,1,0,1,1,0.895,[''],Q8WV37,[],['Q8WV37'],IHTGEKPYKCNECGKAFSR,268
Q8WX93,PALLD_HUMAN Palladin OS=Homo sapiens OX=9606 GN=PALLD PE=1 SV=3,1,0,1,1,0.75,[''],Q8WX93,[],['Q8WX93'],AAFLSALL,269
Q8WXE1,ATRIP_HUMAN ATR-interacting protein OS=Homo sapiens OX=9606 GN=ATRIP PE=1 SV=1,1,0,1,1,0.75,[''],Q8WXE1,[],['Q8WXE1'],KLAAPSVS,270
Q8WXF7,ATLA1_HUMAN Atlastin-1 OS=Homo sapiens OX=9606 GN=ATL1 PE=1 SV=1,1,0,1,1,0.75,[''],Q8WXF7,[],['Q8WXF7'],MEETFLKP,271
Q8WXG9,AGRV1_HUMAN Adhesion G-protein coupled receptor V1 OS=Homo sapiens OX=9606 GN=ADGRV1 PE=1 SV=2,1,0,1,1,0.778,[''],Q8WXG9,[],['Q8WXG9'],KLVTLHGTP,272
Q8WXI7,MUC16_HUMAN Mucin-16 OS=Homo sapiens OX=9606 GN=MUC16 PE=1 SV=3,1,0,1,1,0.875,[''],Q8WXI7,[],['Q8WXI7'],VTSTFSPG,273
Q8WY22,BRI3B_HUMAN BRI3-binding protein OS=Homo sapiens OX=9606 GN=BRI3BP PE=1 SV=1,1,0,1,1,0.75,[''],Q8WY22,[],['Q8WY22'],LLLLLLGLLAPG,274
Q8WZ84,OR8D1_HUMAN Olfactory receptor 8D1 OS=Homo sapiens OX=9606 GN=OR8D1 PE=2 SV=1,2,0,2,2,1.653,"['', '']",Q8WZ84,[],['Q8WZ84'],LGFLSALT LGFLSALTH,275
Q92542,NICA_HUMAN Nicastrin OS=Homo sapiens OX=9606 GN=NCSTN PE=1 SV=2,1,0,1,1,0.75,[''],Q92542,[],['Q92542'],ALYELAGG,276
Q92777,SYN2_HUMAN Synapsin-2 OS=Homo sapiens OX=9606 GN=SYN2 PE=1 SV=4,1,0,1,1,0.833,[''],Q92777,[],['Q92777'],QQPPPPPPPGPG,277
Q93073,SBP2L_HUMAN Selenocysteine insertion sequence-binding protein 2-like OS=Homo sapiens OX=9606 GN=SECISBP2L PE=1 SV=3,1,0,1,1,0.75,[''],Q93073,[],['Q93073'],GLSMPSDT,278
Q96C03,MID49_HUMAN Mitochondrial dynamics protein MID49 OS=Homo sapiens OX=9606 GN=MIEF2 PE=1 SV=1,1,0,1,1,0.857,[''],Q96C03,[],['Q96C03'],PLAPSSS,279
Q96D53,"COQ8B_HUMAN Atypical kinase COQ8B, mitochondrial OS=Homo sapiens OX=9606 GN=COQ8B PE=1 SV=2",1,0,1,1,0.75,[''],Q96D53,[],['Q96D53'],DVQNLLAV,280
Q96D71,REPS1_HUMAN RalBP1-associated Eps domain-containing protein 1 OS=Homo sapiens OX=9606 GN=REPS1 PE=1 SV=3,1,0,1,1,0.75,[''],Q96D71,[],['Q96D71'],ELRPEVDE,281
Q96DE5,APC16_HUMAN Anaphase-promoting complex subunit 16 OS=Homo sapiens OX=9606 GN=ANAPC16 PE=1 SV=1,1,0,1,1,0.8,[''],Q96DE5,[],['Q96DE5'],MAASSSSSSA,282
Q96EV2,RBM33_HUMAN RNA-binding protein 33 OS=Homo sapiens OX=9606 GN=RBM33 PE=1 SV=3,1,0,1,1,0.818,[''],Q96EV2,[],['Q96EV2'],QAPPPPPPPPQ,283
Q96F05,CK024_HUMAN Uncharacterized protein C11orf24 OS=Homo sapiens OX=9606 GN=C11orf24 PE=1 SV=2,1,0,1,1,0.778,[''],Q96F05,[],['Q96F05'],LLVVLLLGV,284
Q96J88,ESIP1_HUMAN Epithelial-stromal interaction protein 1 OS=Homo sapiens OX=9606 GN=EPSTI1 PE=1 SV=2,2,0,2,2,1.607,"['', '']",Q96J88,[],['Q96J88'],KPVHLVPR PVHLVPR,285
Q96JG8,MAGD4_HUMAN Melanoma-associated antigen D4 OS=Homo sapiens OX=9606 GN=MAGED4B PE=1 SV=3,1,0,1,1,0.818,[''],Q96JG8,[],['Q96JG8'],AARAAAAAART,286
Q96K58,ZN668_HUMAN Zinc finger protein 668 OS=Homo sapiens OX=9606 GN=ZNF668 PE=1 SV=4,1,0,1,1,0.778,[''],Q96K58,[],['Q96K58'],VHSGERPFHCNACGKSFV,287
Q96L91,EP400_HUMAN E1A-binding protein p400 OS=Homo sapiens OX=9606 GN=EP400 PE=1 SV=4,2,0,2,2,1.607,"['', '']",Q96L91,[],['Q96L91'],LVPQVSQ LVPQVSQA,288
Q96MC6,MF14A_HUMAN Hippocampus abundant transcript 1 protein OS=Homo sapiens OX=9606 GN=MFSD14A PE=1 SV=2,1,0,1,1,0.75,[''],Q96MC6,[],['Q96MC6'],LVVLHETF,289
Q96PD5,PGRP2_HUMAN N-acetylmuramoyl-L-alanine amidase OS=Homo sapiens OX=9606 GN=PGLYRP2 PE=1 SV=1,2,0,2,2,1.947,"['', '']",Q96PD5,[],['Q96PD5'],PSLSHLLSQYYGAGVAR SLPLLMDSVIQALAELEQK,290
Q96PE1,AGRA2_HUMAN Adhesion G protein-coupled receptor A2 OS=Homo sapiens OX=9606 GN=ADGRA2 PE=1 SV=2,1,0,1,1,0.857,[''],Q96PE1,[],['Q96PE1'],GDLPEPP,291
Q96RA2,OR7D2_HUMAN Olfactory receptor 7D2 OS=Homo sapiens OX=9606 GN=OR7D2 PE=1 SV=2,1,0,1,1,0.8,[''],Q96RA2,[],['Q96RA2'],FVTWLIGVMT,292
Q96SC8,DMTA2_HUMAN Doublesex- and mab-3-related transcription factor A2 OS=Homo sapiens OX=9606 GN=DMRTA2 PE=2 SV=2,3,0,3,3,2.8,"['', '', '']",Q96SC8,[],['Q96SC8'],LPAPLQAG PAPLQAG PGLPAPLQAG,293
Q99676,ZN184_HUMAN Zinc finger protein 184 OS=Homo sapiens OX=9606 GN=ZNF184 PE=1 SV=4,1,0,1,1,0.842,[''],Q99676,[],['Q99676'],IHTGEKPYECNECGKAFSQ,294
Q9BQE5,APOL2_HUMAN Apolipoprotein L2 OS=Homo sapiens OX=9606 GN=APOL2 PE=1 SV=2,1,0,1,1,0.852,[''],Q9BQE5,[],['Q9BQE5'],VSRENLLQLLTDDEAWNGFVAAAELPR,295
Q9BQN1,FA83C_HUMAN Protein FAM83C OS=Homo sapiens OX=9606 GN=FAM83C PE=1 SV=3,1,0,1,1,0.75,[''],Q9BQN1,[],['Q9BQN1'],LPFLSALD,296
Q9BQS7,HEPH_HUMAN Hephaestin OS=Homo sapiens OX=9606 GN=HEPH PE=1 SV=3,1,0,1,1,0.76,[''],Q9BQS7,[],['Q9BQS7'],WHLFGMGNEIDVHTAFFHGQMLTTR,297
Q9BR11,ZSWM1_HUMAN Zinc finger SWIM domain-containing protein 1 OS=Homo sapiens OX=9606 GN=ZSWIM1 PE=2 SV=2,1,0,1,1,0.75,[''],Q9BR11,[],['Q9BR11'],FLPLPILA,298
Q9BSK1,ZN577_HUMAN Zinc finger protein 577 OS=Homo sapiens OX=9606 GN=ZNF577 PE=2 SV=3,1,0,1,1,0.895,[''],Q9BSK1,[],['Q9BSK1'],THTGEKPHECSECGKAFSR,299
Q9BXQ6,T121B_HUMAN Transmembrane protein 121B OS=Homo sapiens OX=9606 GN=TMEM121B PE=2 SV=1,1,0,1,1,0.778,[''],Q9BXQ6,[],['Q9BXQ6'],LSVVLLLAQ,300
Q9BZZ2,SN_HUMAN Sialoadhesin OS=Homo sapiens OX=9606 GN=SIGLEC1 PE=1 SV=2,1,0,1,1,0.75,[''],Q9BZZ2,[],['Q9BZZ2'],TAQNLLGS,301
Q9C0E2,XPO4_HUMAN Exportin-4 OS=Homo sapiens OX=9606 GN=XPO4 PE=1 SV=2,1,0,1,1,0.75,[''],Q9C0E2,[],['Q9C0E2'],LTNLLSKE,302
Q9GZV1,ANKR2_HUMAN Ankyrin repeat domain-containing protein 2 OS=Homo sapiens OX=9606 GN=ANKRD2 PE=1 SV=3,2,0,2,2,1.528,"['', '']",Q9GZV1,[],['Q9GZV1'],DEETFLKA DEETFLKAA,303
Q9H0C8,ILKAP_HUMAN Integrin-linked kinase-associated serine/threonine phosphatase 2C OS=Homo sapiens OX=9606 GN=ILKAP PE=1 SV=1,2,0,2,2,1.607,"['', '']",Q9H0C8,[],['Q9H0C8'],FGDLPEPE GDLPEPE,304
Q9H257,CARD9_HUMAN Caspase recruitment domain-containing protein 9 OS=Homo sapiens OX=9606 GN=CARD9 PE=1 SV=2,1,0,1,1,0.75,[''],Q9H257,[],['Q9H257'],QELLWELQ,305
Q9H2X0,CHRD_HUMAN Chordin OS=Homo sapiens OX=9606 GN=CHRD PE=1 SV=2,1,0,1,1,0.75,[''],Q9H2X0,[],['Q9H2X0'],APLLLLGLLLLG,306
Q9H2Z4,NKX24_HUMAN Homeobox protein Nkx-2.4 OS=Homo sapiens OX=9606 GN=NKX2-4 PE=1 SV=3,1,0,1,1,0.833,[''],Q9H2Z4,[],['Q9H2Z4'],AAAAAAAAAAAA,307
Q9H305,CDIP1_HUMAN Cell death-inducing p53-target protein 1 OS=Homo sapiens OX=9606 GN=CDIP1 PE=1 SV=1,1,0,1,1,0.889,[''],Q9H305,[],['Q9H305'],THTCPSCKA,308
Q9H3D4,P63_HUMAN Tumor protein 63 OS=Homo sapiens OX=9606 GN=TP63 PE=1 SV=1,1,0,1,1,0.75,[''],Q9H3D4,[],['Q9H3D4'],PLSMPSTS,309
Q9H3Z7,ABHGB_HUMAN Protein ABHD16B OS=Homo sapiens OX=9606 GN=ABHD16B PE=3 SV=1,1,0,1,1,0.75,[''],Q9H3Z7,[],['Q9H3Z7'],LSAPLEAG,310
Q9H6B4,CLMP_HUMAN CXADR-like membrane protein OS=Homo sapiens OX=9606 GN=CLMP PE=1 SV=1,1,0,1,1,0.889,[''],Q9H6B4,[],['Q9H6B4'],PSSSSSGSR,311
Q9H7N4,"SFR19_HUMAN Splicing factor, arginine/serine-rich 19 OS=Homo sapiens OX=9606 GN=SCAF1 PE=1 SV=3",1,0,1,1,0.769,[''],Q9H7N4,[],['Q9H7N4'],SGSSSSSSSCSSR,312
Q9H7S9,ZN703_HUMAN Zinc finger protein 703 OS=Homo sapiens OX=9606 GN=ZNF703 PE=1 SV=1,1,0,1,1,0.769,[''],Q9H7S9,[],['Q9H7S9'],SSTSSSSSSSPGD,313
Q9H7Y0,DIK2B_HUMAN Divergent protein kinase domain 2B OS=Homo sapiens OX=9606 GN=DIPK2B PE=2 SV=3,1,0,1,1,0.75,[''],Q9H7Y0,[],['Q9H7Y0'],FSLPASSL,314
Q9H9S5,FKRP_HUMAN Ribitol 5-phosphate transferase FKRP OS=Homo sapiens OX=9606 GN=FKRP PE=1 SV=1,1,0,1,1,0.857,[''],Q9H9S5,[],['Q9H9S5'],LSLTGSG,315
Q9HBH5,RDH14_HUMAN Retinol dehydrogenase 14 OS=Homo sapiens OX=9606 GN=RDH14 PE=1 SV=1,1,0,1,1,0.75,[''],Q9HBH5,[],['Q9HBH5'],LTNLLLGL,316
Q9HCK4,ROBO2_HUMAN Roundabout homolog 2 OS=Homo sapiens OX=9606 GN=ROBO2 PE=1 SV=2,2,0,2,2,1.528,"['', '']",Q9HCK4,[],['Q9HCK4'],SVTLSWQPG VTLSWQPG,317
Q9HCM7,FBSL_HUMAN Fibrosin-1-like protein OS=Homo sapiens OX=9606 GN=FBRSL1 PE=1 SV=4,3,0,3,3,2.357,"['', '', '']",Q9HCM7,[],['Q9HCM7'],HPAPLQLG PALPASSL PAPLQLG,318
Q9NP81,"SYSM_HUMAN Serine--tRNA ligase, mitochondrial OS=Homo sapiens OX=9606 GN=SARS2 PE=1 SV=1",1,0,1,1,0.875,[''],Q9NP81,[],['Q9NP81'],LYEYAREG,319
Q9NQ89,CL004_HUMAN Protein C12orf4 OS=Homo sapiens OX=9606 GN=C12orf4 PE=1 SV=1,1,0,1,1,0.75,[''],Q9NQ89,[],['Q9NQ89'],VDDHVKSG,320
Q9NQX0,PRDM6_HUMAN Putative histone-lysine N-methyltransferase PRDM6 OS=Homo sapiens OX=9606 GN=PRDM6 PE=1 SV=2,1,0,1,1,0.75,[''],Q9NQX0,[],['Q9NQX0'],AAAAAAAALAGL,321
Q9NR64,KLHL1_HUMAN Kelch-like protein 1 OS=Homo sapiens OX=9606 GN=KLHL1 PE=1 SV=1,1,0,1,1,0.769,[''],Q9NR64,[],['Q9NR64'],PSSSSSSSSSPSS,322
Q9NRL2,BAZ1A_HUMAN Bromodomain adjacent to zinc finger domain protein 1A OS=Homo sapiens OX=9606 GN=BAZ1A PE=1 SV=2,1,0,1,1,0.75,[''],Q9NRL2,[],['Q9NRL2'],NVDQVSTP,323
Q9NRY4,RHG35_HUMAN Rho GTPase-activating protein 35 OS=Homo sapiens OX=9606 GN=ARHGAP35 PE=1 SV=3,1,0,1,1,0.778,[''],Q9NRY4,[],['Q9NRY4'],KETCPSCPA,324
Q9NSC2,SALL1_HUMAN Sal-like protein 1 OS=Homo sapiens OX=9606 GN=SALL1 PE=1 SV=2,1,0,1,1,0.769,[''],Q9NSC2,[],['Q9NSC2'],SSSSSSSSSSGGG,325
Q9NVW2,RNF12_HUMAN E3 ubiquitin-protein ligase RLIM OS=Homo sapiens OX=9606 GN=RLIM PE=1 SV=3,1,0,1,1,0.769,[''],Q9NVW2,[],['Q9NVW2'],SSSSSSSSSSPSS,326
Q9NX05,F120C_HUMAN Constitutive coactivator of PPAR-gamma-like protein 2 OS=Homo sapiens OX=9606 GN=FAM120C PE=1 SV=4,1,0,1,1,0.75,[''],Q9NX05,[],['Q9NX05'],LGYLSALC,327
Q9NX62,"IMPA3_HUMAN Golgi-resident adenosine 3',5'-bisphosphate 3'-phosphatase OS=Homo sapiens OX=9606 GN=BPNT2 PE=1 SV=1",2,0,2,2,1.607,"['', '']",Q9NX62,[],['Q9NX62'],NVLHEKS SNVLHEKS,328
Q9NXR8,ING3_HUMAN Inhibitor of growth protein 3 OS=Homo sapiens OX=9606 GN=ING3 PE=1 SV=2,1,0,1,1,0.8,[''],Q9NXR8,[],['Q9NXR8'],SSSSSSSSSLSSCSS,329
Q9NZR2,LRP1B_HUMAN Low-density lipoprotein receptor-related protein 1B OS=Homo sapiens OX=9606 GN=LRP1B PE=1 SV=2,1,0,1,1,0.75,[''],Q9NZR2,[],['Q9NZR2'],DYSDELKC,330
Q9P0L1,ZKSC7_HUMAN Zinc finger protein with KRAB and SCAN domains 7 OS=Homo sapiens OX=9606 GN=ZKSCAN7 PE=1 SV=2,2,0,2,2,1.666,"['', '']",Q9P0L1,[],['Q9P0L1'],IHTGEKPYECSECGKAFSR TGEKPFECSECGKAFGL,331
Q9P296,C5AR2_HUMAN C5a anaphylatoxin chemotactic receptor 2 OS=Homo sapiens OX=9606 GN=C5AR2 PE=1 SV=1,1,0,1,1,0.778,[''],Q9P296,[],['Q9P296'],YASVLLLAA,332
Q9P2B7,CFA97_HUMAN Cilia- and flagella-associated protein 97 OS=Homo sapiens OX=9606 GN=CFAP97 PE=1 SV=2,1,0,1,1,0.824,[''],Q9P2B7,[],['Q9P2B7'],VSSSSSSSLSSSSSGSG,333
Q9P2K8,E2AK4_HUMAN eIF-2-alpha kinase GCN2 OS=Homo sapiens OX=9606 GN=EIF2AK4 PE=1 SV=3,1,0,1,1,0.75,[''],Q9P2K8,[],['Q9P2K8'],SFLPASDS,334
Q9P2K9,DISP3_HUMAN Protein dispatched homolog 3 OS=Homo sapiens OX=9606 GN=DISP3 PE=2 SV=2,1,0,1,1,0.75,[''],Q9P2K9,[],['Q9P2K9'],SLPAPWQA,335
Q9P2P1,NYNRI_HUMAN Protein NYNRIN OS=Homo sapiens OX=9606 GN=NYNRIN PE=2 SV=3,1,0,1,1,0.75,[''],Q9P2P1,[],['Q9P2P1'],FSLLWELL,336
Q9UBK7,RBL2A_HUMAN Rab-like protein 2A OS=Homo sapiens OX=9606 GN=RABL2A PE=1 SV=1,1,0,1,1,0.857,[''],Q9UBK7,[],['Q9UBK7'],EVASPHS,337
Q9UDY6,TRI10_HUMAN Tripartite motif-containing protein 10 OS=Homo sapiens OX=9606 GN=TRIM10 PE=1 SV=3,1,0,1,1,0.75,[''],Q9UDY6,[],['Q9UDY6'],GSSFSLSS,338
Q9UER7,DAXX_HUMAN Death domain-associated protein 6 OS=Homo sapiens OX=9606 GN=DAXX PE=1 SV=2,1,0,1,1,0.857,[''],Q9UER7,[],['Q9UER7'],PLAPSSI,339
Q9UF56,FXL17_HUMAN F-box/LRR-repeat protein 17 OS=Homo sapiens OX=9606 GN=FBXL17 PE=1 SV=3,3,0,3,3,2.346,"['', '', '']",Q9UF56,[],['Q9UF56'],AAAAAAAAA AAAAAAAAASA DCAAAARR,340
Q9UIJ5,ZDHC2_HUMAN Palmitoyltransferase ZDHHC2 OS=Homo sapiens OX=9606 GN=ZDHHC2 PE=1 SV=1,1,0,1,1,0.75,[''],Q9UIJ5,[],['Q9UIJ5'],MFLFFAAA,341
Q9UKG4,S13A4_HUMAN Solute carrier family 13 member 4 OS=Homo sapiens OX=9606 GN=SLC13A4 PE=1 SV=2,1,0,1,1,0.75,[''],Q9UKG4,[],['Q9UKG4'],LLPLPVLH,342
Q9UKY7,CDV3_HUMAN Protein CDV3 homolog OS=Homo sapiens OX=9606 GN=CDV3 PE=1 SV=1,1,0,1,1,0.848,[''],Q9UKY7,[],['Q9UKY7'],QISSEKEEDDNEKRQDPGDNWEEGGGGGGGMEK,343
Q9ULI0,ATD2B_HUMAN ATPase family AAA domain-containing protein 2B OS=Homo sapiens OX=9606 GN=ATAD2B PE=1 SV=4,1,0,1,1,0.75,[''],Q9ULI0,[],['Q9ULI0'],RKETFLKG,344
Q9ULI3,HEG1_HUMAN Protein HEG homolog 1 OS=Homo sapiens OX=9606 GN=HEG1 PE=1 SV=3,2,0,2,2,1.607,"['', '']",Q9ULI3,[],['Q9ULI3'],LVPQIST LVPQISTE,345
Q9ULT0,TTC7A_HUMAN Tetratricopeptide repeat protein 7A OS=Homo sapiens OX=9606 GN=TTC7A PE=1 SV=3,1,0,1,1,0.8,[''],Q9ULT0,[],['Q9ULT0'],ELTMPSSVLK,346
Q9UNY5,ZN232_HUMAN Zinc finger protein 232 OS=Homo sapiens OX=9606 GN=ZNF232 PE=1 SV=1,1,0,1,1,0.765,[''],Q9UNY5,[],['Q9UNY5'],TGEKPFECNECGKAFRW,347
Q9UQ35,SRRM2_HUMAN Serine/arginine repetitive matrix protein 2 OS=Homo sapiens OX=9606 GN=SRRM2 PE=1 SV=2,2,0,2,2,1.658,"['', '']",Q9UQ35,[],['Q9UQ35'],SSSSSSGSS SSSSSSSSSSPSP,348
Q9Y3S1,WNK2_HUMAN Serine/threonine-protein kinase WNK2 OS=Homo sapiens OX=9606 GN=WNK2 PE=1 SV=4,1,0,1,1,0.857,[''],Q9Y3S1,[],['Q9Y3S1'],PLAPSSP,349
Q9Y651,SOX21_HUMAN Transcription factor SOX-21 OS=Homo sapiens OX=9606 GN=SOX21 PE=2 SV=1,1,0,1,1,0.909,[''],Q9Y651,[],['Q9Y651'],AAAAAAAAARV,350
Q9Y679,AUP1_HUMAN Lipid droplet-regulating VLDL assembly factor AUP1 OS=Homo sapiens OX=9606 GN=AUP1 PE=1 SV=2,1,0,1,1,0.75,[''],Q9Y679,[],['Q9Y679'],LYEYARRR,351
Q9Y6W5,WASF2_HUMAN Actin-binding protein WASF2 OS=Homo sapiens OX=9606 GN=WASF2 PE=1 SV=3,1,0,1,1,0.765,[''],Q9Y6W5,[],['Q9Y6W5'],PPPPPPPPPPGPPPPPF,352
